match_id,tournament_id,venue_id,match_date,team_1,team_2,toss_winner,toss_decision,player_of_match,match_winner,match_win_by_runs,match_win_by_wickets,highlights_url,match_url,match_description
0,5,31,['2017-04-05'],103,359,359,field,3273,103,35,NA,NA,NA,NA
1,5,27,['2017-04-06'],391,336,391,field,7901,391,NA,7,NA,NA,NA
2,5,13,['2017-04-07'],329,69,69,field,7672,69,NA,10,NA,NA,NA
3,5,9,['2017-04-08'],479,391,479,field,7624,479,NA,6,NA,NA,NA
4,5,23,['2017-04-08'],359,238,359,bat,2475,359,15,NA,NA,NA,NA
5,5,31,['2017-04-09'],103,329,103,field,3949,103,NA,9,NA,NA,NA
6,5,25,['2017-04-09'],336,69,336,field,2938,336,NA,4,NA,NA,NA
7,5,9,['2017-04-10'],479,359,359,bat,2801,479,NA,8,NA,NA,NA
8,5,27,['2017-04-11'],391,238,391,field,2926,238,97,NA,NA,NA,NA
9,5,25,['2017-04-12'],336,103,336,field,2125,336,NA,4,NA,NA,NA
10,5,23,['2017-04-13'],69,479,69,field,9356,69,NA,8,NA,NA,NA
11,5,2,['2017-04-14'],359,336,336,field,9370,336,NA,4,NA,NA,NA
12,5,13,['2017-04-14'],329,391,329,field,7959,329,NA,7,NA,NA,NA
13,5,23,['2017-04-15'],69,103,103,field,3009,69,17,NA,NA,NA,NA
14,5,1,['2017-04-15'],238,479,238,bat,1674,238,51,NA,NA,NA,NA
15,5,25,['2017-04-16'],336,329,336,field,2938,336,NA,6,NA,NA,NA
16,5,2,['2017-04-16'],359,391,359,field,6482,391,27,NA,NA,NA,NA
17,5,1,['2017-04-17'],238,69,238,bat,7283,69,NA,4,NA,NA,NA
18,5,31,['2017-04-17'],103,479,479,field,2139,103,5,NA,NA,NA,NA
19,5,13,['2017-04-18'],329,359,329,field,9246,359,21,NA,NA,NA,NA
20,5,31,['2017-04-19'],103,238,103,bat,2049,103,15,NA,NA,NA,NA
21,5,9,['2017-04-20'],479,336,336,field,5203,336,NA,8,NA,NA,NA
22,5,23,['2017-04-21'],69,329,329,field,2969,329,NA,4,NA,NA,NA
23,5,25,['2017-04-22'],336,238,238,field,1917,336,14,NA,NA,NA,NA
24,5,27,['2017-04-22'],391,103,391,field,2235,391,NA,6,NA,NA,NA
25,5,13,['2017-04-23'],329,479,329,field,8127,479,26,NA,NA,NA,NA
26,5,23,['2017-04-23'],69,359,359,field,7283,69,82,NA,NA,NA,NA
27,5,25,['2017-04-24'],336,391,336,field,6482,391,3,NA,NA,NA,NA
28,5,27,['2017-04-26'],391,69,69,field,3009,69,NA,7,NA,NA,NA
29,5,2,['2017-04-27'],359,329,329,field,7959,329,NA,7,NA,NA,NA
30,5,23,['2017-04-28'],69,238,69,field,2364,69,NA,7,NA,NA,NA
31,5,1,['2017-04-28'],479,103,479,field,3949,103,26,NA,NA,NA,NA
32,5,27,['2017-04-29'],391,359,359,field,1788,391,61,NA,NA,NA,NA
33,5,13,['2017-04-29'],329,336,329,bat,2854,TIE,NA,NA,NA,NA,NA
34,5,1,['2017-04-30'],479,238,479,field,2920,479,NA,10,NA,NA,NA
35,5,31,['2017-04-30'],103,69,69,field,8038,103,48,NA,NA,NA,NA
36,5,25,['2017-05-01'],336,359,359,bat,2818,336,NA,5,NA,NA,NA
37,5,27,['2017-05-01'],391,329,391,field,6482,391,NA,5,NA,NA,NA
38,5,1,['2017-05-02'],238,103,238,field,2535,238,NA,6,NA,NA,NA
39,5,23,['2017-05-03'],69,391,391,field,2983,391,NA,4,NA,NA,NA
40,5,1,['2017-05-04'],238,329,238,field,2852,238,NA,7,NA,NA,NA
41,5,2,['2017-05-05'],359,479,359,field,2920,479,19,NA,NA,NA,NA
42,5,31,['2017-05-06'],103,391,103,field,3013,391,12,NA,NA,NA,NA
43,5,1,['2017-05-06'],238,336,238,field,9435,336,146,NA,NA,NA,NA
44,5,2,['2017-05-07'],359,69,69,field,9356,69,NA,6,NA,NA,NA
45,5,1,['2017-05-07'],479,329,329,field,7917,329,NA,6,NA,NA,NA
46,5,31,['2017-05-08'],103,336,336,bat,2237,103,NA,7,NA,NA,NA
47,5,1,['2017-05-09'],479,69,69,field,2747,479,14,NA,NA,NA,NA
48,5,22,['2017-05-10'],329,238,238,field,2413,238,NA,2,NA,NA,NA
49,5,25,['2017-05-11'],336,479,336,field,2954,479,7,NA,NA,NA,NA
50,5,1,['2017-05-12'],238,391,238,bat,2620,238,7,NA,NA,NA,NA
51,5,22,['2017-05-13'],329,103,103,field,2534,103,NA,8,NA,NA,NA
52,5,23,['2017-05-13'],69,336,69,field,2864,336,9,NA,NA,NA,NA
53,5,27,['2017-05-14'],391,479,391,field,3013,391,NA,9,NA,NA,NA
54,5,1,['2017-05-14'],238,359,359,bat,2790,359,10,NA,NA,NA,NA
55,5,25,['2017-05-16'],336,391,336,field,3239,391,20,NA,NA,NA,NA
56,5,2,"['2017-05-17,2017-05-18']",103,69,69,field,7283,69,NA,7,NA,NA,NA
57,5,2,['2017-05-19'],336,69,336,field,2749,336,NA,6,NA,NA,NA
58,5,31,['2017-05-21'],336,391,336,bat,2854,336,1,NA,NA,NA,NA
59,5,25,['2018-04-07'],336,531,531,field,9129,531,NA,1,NA,NA,NA
60,5,1,['2018-04-08'],479,238,479,field,2974,479,NA,6,NA,NA,NA
61,5,23,['2018-04-08'],69,359,69,field,9356,69,NA,4,NA,NA,NA
62,5,31,['2018-04-09'],103,60,103,field,2237,103,NA,9,NA,NA,NA
63,5,33,['2018-04-10'],531,69,531,field,5344,531,NA,5,NA,NA,NA
64,5,12,['2018-04-11'],60,238,238,field,2926,60,10,NA,NA,NA,NA
65,5,31,['2018-04-12'],103,336,103,field,3949,103,NA,1,NA,NA,NA
66,5,23,['2018-04-13'],359,479,359,field,3286,359,NA,4,NA,NA,NA
67,5,25,['2018-04-14'],336,238,238,field,6562,238,NA,7,NA,NA,NA
68,5,23,['2018-04-14'],69,103,103,field,7880,103,NA,5,NA,NA,NA
69,5,23,['2018-04-15'],359,60,359,field,2926,60,19,NA,NA,NA,NA
70,5,1,['2018-04-15'],479,531,531,field,9246,479,4,NA,NA,NA,NA
71,5,23,['2018-04-16'],69,238,238,field,2938,69,71,NA,NA,NA,NA
72,5,25,['2018-04-17'],336,359,359,field,2818,336,46,NA,NA,NA,NA
73,5,12,['2018-04-18'],60,69,69,field,2938,69,NA,7,NA,NA,NA
74,5,1,['2018-04-19'],479,103,479,bat,9246,479,15,NA,NA,NA,NA
75,5,27,['2018-04-20'],531,60,60,field,8034,531,64,NA,NA,NA,NA
76,5,23,['2018-04-21'],69,479,479,field,2974,479,NA,9,NA,NA,NA
77,5,23,['2018-04-21'],359,238,359,field,8304,359,NA,6,NA,NA,NA
78,5,31,['2018-04-22'],103,531,103,field,2864,531,4,NA,NA,NA,NA
79,5,12,['2018-04-22'],60,336,336,bat,9111,60,NA,3,NA,NA,NA
80,5,1,['2018-04-23'],238,479,238,field,2962,479,4,NA,NA,NA,NA
81,5,25,['2018-04-24'],336,103,336,field,3949,103,31,NA,NA,NA,NA
82,5,23,['2018-04-25'],359,531,531,field,2235,531,NA,5,NA,NA,NA
83,5,31,['2018-04-26'],103,479,479,field,2962,103,13,NA,NA,NA,NA
84,5,1,['2018-04-27'],238,69,69,field,2413,238,55,NA,NA,NA,NA
85,5,27,['2018-04-28'],531,336,336,field,2818,336,NA,8,NA,NA,NA
86,5,12,['2018-04-29'],60,103,103,bat,2049,103,11,NA,NA,NA,NA
87,5,23,['2018-04-29'],359,69,69,field,7672,69,NA,6,NA,NA,NA
88,5,27,['2018-04-30'],531,238,238,field,8034,531,13,NA,NA,NA,NA
89,5,23,['2018-05-01'],359,336,336,field,1997,359,14,NA,NA,NA,NA
90,5,1,['2018-05-02'],238,60,60,field,2852,238,4,NA,NA,NA,NA
91,5,23,['2018-05-03'],69,531,69,field,9356,69,NA,6,NA,NA,NA
92,5,9,['2018-05-04'],479,336,336,field,3291,336,NA,6,NA,NA,NA
93,5,27,['2018-05-05'],531,359,531,field,2481,531,NA,6,NA,NA,NA
94,5,31,['2018-05-05'],103,238,238,bat,3949,103,NA,7,NA,NA,NA
95,5,25,['2018-05-06'],336,69,69,field,2855,336,13,NA,NA,NA,NA
96,5,9,['2018-05-06'],479,60,479,field,604,479,NA,6,NA,NA,NA
97,5,31,['2018-05-07'],103,359,359,field,2049,103,5,NA,NA,NA,NA
98,5,12,['2018-05-08'],60,479,60,bat,5203,60,15,NA,NA,NA,NA
99,5,23,['2018-05-09'],69,336,69,field,2419,336,102,NA,NA,NA,NA
100,5,1,['2018-05-10'],238,103,238,bat,2237,103,NA,9,NA,NA,NA
101,5,12,['2018-05-11'],60,531,531,bat,5203,60,NA,4,NA,NA,NA
102,5,9,['2018-05-12'],479,69,479,field,9356,69,31,NA,NA,NA,NA
103,5,1,['2018-05-12'],238,359,359,field,8304,359,NA,5,NA,NA,NA
104,5,27,['2018-05-13'],531,103,531,field,2864,531,NA,8,NA,NA,NA
105,5,25,['2018-05-13'],336,60,60,field,5203,60,NA,7,NA,NA,NA
106,5,9,['2018-05-14'],479,359,359,field,3286,359,NA,10,NA,NA,NA
107,5,23,['2018-05-15'],69,60,69,field,2405,69,NA,6,NA,NA,NA
108,5,25,['2018-05-16'],336,479,479,field,2125,336,3,NA,NA,NA,NA
109,5,23,['2018-05-17'],359,103,103,field,8304,359,14,NA,NA,NA,NA
110,5,1,['2018-05-18'],238,531,531,field,2790,238,34,NA,NA,NA,NA
111,5,12,['2018-05-19'],60,359,60,bat,2322,60,30,NA,NA,NA,NA
112,5,31,['2018-05-19'],103,69,103,bat,7672,69,NA,5,NA,NA,NA
113,5,1,['2018-05-20'],238,336,238,bat,1586,238,11,NA,NA,NA,NA
114,5,27,['2018-05-20'],531,479,531,field,8738,531,NA,5,NA,NA,NA
115,5,25,['2018-05-22'],103,531,531,field,8260,531,NA,2,NA,NA,NA
116,5,23,['2018-05-23'],69,60,60,field,9394,69,25,NA,NA,NA,NA
117,5,23,['2018-05-25'],69,103,69,field,3949,103,14,NA,NA,NA,NA
118,5,25,['2018-05-27'],531,103,531,field,8034,531,NA,8,NA,NA,NA
119,5,33,['2019-03-23'],531,359,531,field,2391,531,NA,7,NA,NA,NA
120,5,23,['2019-03-24'],69,103,69,field,9394,69,NA,6,NA,NA,NA
121,5,25,['2019-03-24'],336,536,336,field,2852,536,37,NA,NA,NA,NA
122,5,12,['2019-03-25'],60,479,60,field,9246,479,14,NA,NA,NA,NA
123,5,1,['2019-03-26'],536,531,536,bat,8034,531,NA,6,NA,NA,NA
124,5,23,['2019-03-27'],69,479,479,field,9394,69,28,NA,NA,NA,NA
125,5,23,['2019-03-28'],359,336,359,field,2125,336,6,NA,NA,NA,NA
126,5,31,['2019-03-29'],103,60,60,bat,3949,103,NA,5,NA,NA,NA
127,5,1,['2019-03-30'],479,336,479,field,2148,479,NA,8,NA,NA,NA
128,5,1,['2019-03-30'],536,69,536,field,2728,TIE,NA,NA,NA,NA,NA
129,5,31,['2019-03-31'],103,359,359,field,5482,103,118,NA,NA,NA,NA
130,5,33,['2019-03-31'],531,60,60,field,2235,531,8,NA,NA,NA,NA
131,5,1,['2019-04-01'],479,536,536,field,5420,479,14,NA,NA,NA,NA
132,5,12,['2019-04-02'],60,359,60,field,2322,60,NA,7,NA,NA,NA
133,5,25,['2019-04-03'],336,531,531,field,2855,336,37,NA,NA,NA,NA
134,5,1,['2019-04-04'],536,103,103,field,5482,103,NA,5,NA,NA,NA
135,5,23,['2019-04-05'],359,69,69,field,9394,69,NA,5,NA,NA,NA
136,5,33,['2019-04-06'],531,479,531,bat,2391,531,22,NA,NA,NA,NA
137,5,31,['2019-04-06'],103,336,103,field,9283,336,40,NA,NA,NA,NA
138,5,23,['2019-04-07'],359,536,536,field,8933,536,NA,4,NA,NA,NA
139,5,12,['2019-04-07'],60,69,69,field,5898,69,NA,8,NA,NA,NA
140,5,1,['2019-04-08'],479,103,479,field,2974,479,NA,6,NA,NA,NA
141,5,33,['2019-04-09'],531,69,531,field,2287,531,NA,7,NA,NA,NA
142,5,25,['2019-04-10'],336,479,336,field,9370,336,NA,3,NA,NA,NA
143,5,12,['2019-04-11'],60,531,531,field,2235,531,NA,4,NA,NA,NA
144,5,23,['2019-04-12'],69,536,536,field,2237,536,NA,7,NA,NA,NA
145,5,25,['2019-04-13'],336,60,60,field,5203,60,NA,4,NA,NA,NA
146,5,1,['2019-04-13'],479,359,359,field,8304,359,NA,8,NA,NA,NA
147,5,23,['2019-04-14'],69,531,531,field,8473,531,NA,5,NA,NA,NA
148,5,31,['2019-04-14'],103,536,103,field,9383,536,39,NA,NA,NA,NA
149,5,25,['2019-04-15'],336,359,336,field,4634,336,NA,5,NA,NA,NA
150,5,1,['2019-04-16'],479,60,60,field,2079,479,12,NA,NA,NA,NA
151,5,31,['2019-04-17'],103,531,531,bat,8038,103,NA,6,NA,NA,NA
152,5,1,['2019-04-18'],536,336,336,bat,2855,336,40,NA,NA,NA,NA
153,5,23,['2019-04-19'],69,359,69,field,2422,359,10,NA,NA,NA,NA
154,5,12,['2019-04-20'],60,336,60,field,7901,60,NA,5,NA,NA,NA
155,5,1,['2019-04-20'],536,479,536,field,2413,536,NA,5,NA,NA,NA
156,5,31,['2019-04-21'],103,69,103,field,2136,103,NA,9,NA,NA,NA
157,5,23,['2019-04-21'],359,531,531,field,2783,359,1,NA,NA,NA,NA
158,5,12,['2019-04-22'],60,536,536,field,2852,536,NA,6,NA,NA,NA
159,5,33,['2019-04-23'],531,103,531,field,8034,531,NA,6,NA,NA,NA
160,5,23,['2019-04-24'],359,479,479,field,8304,359,17,NA,NA,NA,NA
161,5,23,['2019-04-25'],69,60,60,field,2177,60,NA,3,NA,NA,NA
162,5,33,['2019-04-26'],531,336,531,field,2818,336,46,NA,NA,NA,NA
163,5,12,['2019-04-27'],60,103,60,field,3013,60,NA,7,NA,NA,NA
164,5,1,['2019-04-28'],536,359,536,bat,2237,536,16,NA,NA,NA,NA
165,5,23,['2019-04-28'],69,336,336,field,9394,69,34,NA,NA,NA,NA
166,5,31,['2019-04-29'],103,479,479,field,8038,103,45,NA,NA,NA,NA
167,5,23,['2019-04-30'],359,60,60,field,NA,NA,NA,NA,NA,NA,NA
168,5,33,['2019-05-01'],531,536,536,field,2235,531,80,NA,NA,NA,NA
169,5,25,['2019-05-02'],336,103,336,bat,2125,TIE,NA,NA,NA,NA,NA
170,5,1,['2019-05-03'],479,69,69,field,2702,69,NA,7,NA,NA,NA
171,5,1,['2019-05-04'],536,60,60,bat,1586,536,NA,5,NA,NA,NA
172,5,23,['2019-05-04'],359,103,359,field,9269,359,NA,4,NA,NA,NA
173,5,1,['2019-05-05'],479,531,479,field,2974,479,NA,6,NA,NA,NA
174,5,25,['2019-05-05'],336,69,336,field,2855,336,NA,9,NA,NA,NA
175,5,33,['2019-05-07'],336,531,531,bat,3291,336,NA,6,NA,NA,NA
176,5,6,['2019-05-08'],536,103,536,field,2852,536,NA,2,NA,NA,NA
177,5,6,['2019-05-10'],531,536,531,field,8260,531,NA,6,NA,NA,NA
178,5,31,['2019-05-12'],336,531,336,bat,2125,336,1,NA,NA,NA,NA
179,5,24,['2020-09-19'],336,531,531,field,2864,531,NA,5,NA,NA,NA
180,5,20,['2020-09-20'],536,479,479,field,7861,TIE,NA,NA,NA,NA,NA
181,5,24,['2020-10-21'],69,359,69,bat,2534,359,NA,8,NA,NA,NA
182,5,11,['2020-11-03'],336,103,103,field,2636,103,NA,10,NA,NA,NA
183,5,11,['2020-09-22'],60,531,531,field,2926,60,16,NA,NA,NA,NA
184,5,24,['2020-10-24'],69,536,536,field,3039,69,59,NA,NA,NA,NA
185,5,20,['2020-10-24'],479,103,103,field,6252,479,12,NA,NA,NA,NA
186,5,24,['2020-10-28'],359,336,336,field,3291,336,NA,5,NA,NA,NA
187,5,11,['2020-10-09'],536,60,60,field,2079,536,46,NA,NA,NA,NA
188,5,24,['2020-10-07'],69,531,69,bat,2983,69,10,NA,NA,NA,NA
189,5,11,['2020-10-31'],359,103,103,field,2920,103,NA,5,NA,NA,NA
190,5,24,['2020-10-01'],336,479,479,field,9370,336,48,NA,NA,NA,NA
191,5,20,['2020-09-30'],69,60,60,field,2716,69,37,NA,NA,NA,NA
192,5,24,['2020-11-02'],359,536,536,field,8723,536,NA,6,NA,NA,NA
193,5,24,['2020-11-01'],479,531,531,field,2365,531,NA,9,NA,NA,NA
194,5,20,['2020-10-11'],103,60,103,bat,2997,60,NA,5,NA,NA,NA
195,5,24,['2020-09-23'],336,69,69,field,2818,336,49,NA,NA,NA,NA
196,5,11,['2020-10-17'],531,536,531,bat,2237,536,NA,5,NA,NA,NA
197,5,20,['2020-09-24'],479,359,359,field,2974,479,97,NA,NA,NA,NA
198,5,24,['2020-10-06'],336,60,336,bat,3291,336,57,NA,NA,NA,NA
199,5,24,['2020-10-18'],69,103,103,field,1788,TIE,NA,NA,NA,NA,NA
200,5,20,['2020-10-04'],479,531,479,bat,8034,531,NA,10,NA,NA,NA
201,5,24,['2020-10-03'],60,359,60,bat,2288,359,NA,8,NA,NA,NA
202,5,11,['2020-10-03'],536,69,69,field,2413,536,18,NA,NA,NA,NA
203,5,20,['2020-10-02'],103,531,103,bat,2354,103,7,NA,NA,NA,NA
204,5,20,['2020-10-18'],336,479,336,bat,2974,TIE,NA,NA,NA,NA,NA
205,5,20,['2020-10-22'],60,103,103,field,2870,103,NA,8,NA,NA,NA
206,5,20,['2020-10-05'],536,359,359,field,2801,536,59,NA,NA,NA,NA
207,5,11,['2020-10-26'],69,479,479,field,9246,479,NA,8,NA,NA,NA
208,5,11,['2020-10-23'],531,336,336,field,1698,336,NA,10,NA,NA,NA
209,5,20,['2020-10-17'],60,359,60,bat,8304,359,NA,7,NA,NA,NA
210,5,24,['2020-10-10'],69,479,69,bat,2485,69,2,NA,NA,NA,NA
211,5,20,['2020-10-27'],103,536,536,field,2954,103,88,NA,NA,NA,NA
212,5,20,['2020-10-10'],359,531,359,bat,2422,359,37,NA,NA,NA,NA
213,5,24,['2020-10-16'],69,336,69,bat,8310,336,NA,8,NA,NA,NA
214,5,11,['2020-09-27'],479,60,60,field,2926,60,NA,4,NA,NA,NA
215,5,20,['2020-10-13'],531,103,531,bat,2481,531,20,NA,NA,NA,NA
216,5,24,['2020-10-11'],536,336,536,bat,8310,336,NA,5,NA,NA,NA
217,5,20,['2020-11-01'],69,60,60,field,7261,69,60,NA,NA,NA,NA
218,5,11,['2020-10-15'],359,479,359,bat,2974,479,NA,8,NA,NA,NA
219,5,24,['2020-09-29'],103,536,536,field,3949,103,15,NA,NA,NA,NA
220,5,24,['2020-10-19'],531,60,531,bat,5203,60,NA,7,NA,NA,NA
221,5,20,['2020-09-21'],359,103,103,field,2288,359,10,NA,NA,NA,NA
222,5,20,['2020-10-31'],536,336,336,field,2419,336,NA,9,NA,NA,NA
223,5,20,['2020-10-29'],69,531,531,field,2365,531,NA,6,NA,NA,NA
224,5,24,['2020-10-30'],479,60,60,field,6482,60,NA,7,NA,NA,NA
225,5,11,['2020-10-04'],336,103,336,bat,1698,336,34,NA,NA,NA,NA
226,5,20,['2020-09-25'],536,531,531,field,2728,536,44,NA,NA,NA,NA
227,5,11,['2020-10-12'],359,69,359,bat,8304,359,82,NA,NA,NA,NA
228,5,24,['2020-10-25'],336,60,336,bat,6482,60,NA,8,NA,NA,NA
229,5,20,['2020-10-08'],103,479,103,bat,5482,103,69,NA,NA,NA,NA
230,5,20,['2020-10-14'],536,60,536,bat,8723,536,13,NA,NA,NA,NA
231,5,20,['2020-10-25'],359,531,359,bat,2365,531,NA,8,NA,NA,NA
232,5,24,['2020-09-26'],103,69,103,bat,2702,69,NA,7,NA,NA,NA
233,5,20,['2020-10-20'],536,479,536,bat,2237,479,NA,5,NA,NA,NA
234,5,20,['2020-09-28'],359,336,336,field,8304,TIE,NA,NA,NA,NA,NA
235,5,20,['2020-11-05'],336,536,536,field,2125,336,57,NA,NA,NA,NA
236,5,24,['2020-11-06'],359,103,103,field,2049,103,NA,6,NA,NA,NA
237,5,24,['2020-11-08'],536,103,536,bat,7861,536,17,NA,NA,NA,NA
238,5,20,['2020-11-10'],536,336,536,bat,1698,336,NA,5,NA,NA,NA
239,5,2,['2008-04-18'],359,69,359,field,1916,69,140,NA,NA,NA,NA
240,5,3,['2008-04-19'],479,531,531,bat,7421,531,33,NA,NA,NA,NA
241,5,1,['2008-04-19'],238,60,60,bat,4640,238,NA,9,NA,NA,NA
242,5,25,['2008-04-20'],336,359,336,bat,8084,359,NA,5,NA,NA,NA
243,5,23,['2008-04-20'],69,144,144,bat,7427,69,NA,5,NA,NA,NA
244,5,12,['2008-04-21'],60,479,479,bat,8034,60,NA,6,NA,NA,NA
245,5,31,['2008-04-22'],144,238,144,bat,2829,238,NA,9,NA,NA,NA
246,5,33,['2008-04-23'],531,336,336,field,7529,531,6,NA,NA,NA,NA
247,5,31,['2008-04-24'],144,60,60,field,2759,60,NA,3,NA,NA,NA
248,5,3,['2008-04-25'],479,336,336,field,4946,479,66,NA,NA,NA,NA
249,5,2,['2008-04-26'],359,60,60,field,8034,60,NA,7,NA,NA,NA
250,5,33,['2008-04-26'],531,69,69,bat,1935,531,NA,9,NA,NA,NA
251,5,34,['2008-04-27'],336,144,144,field,7504,144,NA,10,NA,NA,NA
252,5,3,['2008-04-27'],479,238,238,bat,7713,479,NA,4,NA,NA,NA
253,5,2,['2008-04-28'],359,531,531,bat,2235,531,13,NA,NA,NA,NA
254,5,23,['2008-04-29'],69,336,69,bat,4468,336,NA,7,NA,NA,NA
255,5,1,['2008-04-30'],238,359,359,field,7731,238,10,NA,NA,NA,NA
256,5,31,['2008-05-01'],144,479,479,field,7653,479,NA,7,NA,NA,NA
257,5,12,['2008-05-01'],60,69,60,bat,2076,60,45,NA,NA,NA,NA
258,5,33,['2008-05-02'],531,238,531,bat,2829,238,NA,8,NA,NA,NA
259,5,31,['2008-05-25'],144,359,144,bat,3019,359,NA,5,NA,NA,NA
260,5,3,['2008-05-03'],479,69,479,bat,2760,479,9,NA,NA,NA,NA
261,5,34,['2008-05-04'],336,238,238,field,8782,336,29,NA,NA,NA,NA
262,5,12,['2008-05-04'],60,531,531,bat,3792,60,NA,8,NA,NA,NA
263,5,2,['2008-05-05'],359,479,479,field,2658,479,NA,6,NA,NA,NA
264,5,33,['2008-05-06'],531,144,144,field,7504,144,NA,7,NA,NA,NA
265,5,34,['2008-05-07'],336,60,336,field,2603,336,NA,7,NA,NA,NA
266,5,1,['2008-05-08'],238,531,531,field,2235,531,NA,4,NA,NA,NA
267,5,23,['2008-05-08'],69,359,69,bat,2358,69,5,NA,NA,NA,NA
268,5,12,['2008-05-09'],60,144,60,field,2759,60,NA,8,NA,NA,NA
269,5,2,['2008-05-28'],359,336,336,field,4354,336,NA,9,NA,NA,NA
270,5,33,['2008-05-10'],531,479,479,field,2206,531,18,NA,NA,NA,NA
271,5,31,['2008-05-11'],144,69,69,bat,2358,69,23,NA,NA,NA,NA
272,5,12,['2008-05-11'],60,238,60,field,8034,60,NA,3,NA,NA,NA
273,5,3,['2008-05-12'],479,359,359,bat,7653,479,NA,9,NA,NA,NA
274,5,23,['2008-05-13'],69,238,69,bat,3813,69,23,NA,NA,NA,NA
275,5,25,['2008-05-14'],336,531,336,field,4468,336,NA,9,NA,NA,NA
276,5,3,['2008-05-28'],479,60,60,field,7653,479,41,NA,NA,NA,NA
277,5,1,['2008-05-15'],238,144,144,field,1586,238,12,NA,NA,NA,NA
278,5,25,['2008-05-16'],336,69,336,field,8782,336,NA,8,NA,NA,NA
279,5,1,['2008-05-17'],238,479,238,bat,4463,479,6,NA,NA,NA,NA
280,5,12,['2008-05-17'],60,359,359,field,8896,60,65,NA,NA,NA,NA
281,5,31,['2008-05-18'],144,336,144,field,9129,336,25,NA,NA,NA,NA
282,5,23,['2008-05-18'],69,531,69,bat,8719,531,3,NA,NA,NA,NA
283,5,2,['2008-05-19'],359,238,238,field,2320,238,NA,5,NA,NA,NA
284,5,23,['2008-05-20'],69,60,60,field,2759,60,NA,6,NA,NA,NA
285,5,25,['2008-05-21'],336,479,336,field,7653,479,1,NA,NA,NA,NA
286,5,33,['2008-05-21'],531,359,359,bat,2395,359,14,NA,NA,NA,NA
287,5,3,['2008-05-23'],479,144,479,field,7653,479,NA,6,NA,NA,NA
288,5,1,['2008-05-24'],238,336,238,field,2485,238,NA,5,NA,NA,NA
289,5,33,['2008-05-24'],531,60,60,bat,8504,60,10,NA,NA,NA,NA
290,5,2,['2008-05-03'],359,144,144,field,186,359,3,NA,NA,NA,NA
291,5,23,['2008-05-25'],69,479,479,bat,4036,69,NA,3,NA,NA,NA
292,5,12,['2008-05-26'],60,336,60,field,3792,60,NA,5,NA,NA,NA
293,5,31,['2008-05-27'],144,531,144,bat,2969,531,NA,7,NA,NA,NA
294,5,25,['2008-05-30'],238,60,238,field,8034,60,105,NA,NA,NA,NA
295,5,25,['2008-05-31'],531,479,479,bat,8719,531,NA,9,NA,NA,NA
296,5,34,['2008-06-01'],531,60,60,field,2759,60,NA,3,NA,NA,NA
297,5,30,['2009-04-18'],531,336,531,field,2998,336,19,NA,NA,NA,NA
298,5,30,['2009-04-18'],359,60,359,bat,2221,359,75,NA,NA,NA,NA
299,5,30,['2009-04-19'],238,479,238,field,2037,238,NA,10,NA,NA,NA
300,5,30,['2009-04-19'],144,69,69,bat,2677,144,NA,8,NA,NA,NA
301,5,18,['2009-04-20'],359,531,531,bat,4596,531,92,NA,NA,NA,NA
302,5,8,['2009-04-21'],479,69,69,field,9246,69,11,NA,NA,NA,NA
303,5,30,['2009-04-22'],359,144,144,bat,7504,144,24,NA,NA,NA,NA
304,5,8,['2009-04-23'],531,238,238,bat,8304,238,9,NA,NA,NA,NA
305,5,30,['2009-04-23'],69,60,69,field,2759,TIE,NA,NA,NA,NA,NA
306,5,8,['2009-04-24'],359,479,359,bat,5311,479,NA,7,NA,NA,NA
307,5,8,['2009-04-25'],144,336,144,bat,2796,144,12,NA,NA,NA,NA
308,5,18,['2009-04-26'],359,238,359,bat,4153,238,NA,6,NA,NA,NA
309,5,30,['2009-04-26'],479,60,479,bat,4946,479,27,NA,NA,NA,NA
310,5,8,['2009-04-27'],531,144,144,field,8404,144,NA,6,NA,NA,NA
311,5,18,['2009-04-27'],69,336,336,bat,2998,336,92,NA,NA,NA,NA
312,5,32,['2009-04-28'],238,60,238,bat,2759,60,NA,5,NA,NA,NA
313,5,8,['2009-04-29'],359,69,69,bat,8084,359,NA,5,NA,NA,NA
314,5,8,['2009-04-29'],479,336,479,bat,4946,479,3,NA,NA,NA,NA
315,5,32,['2009-04-30'],144,238,238,field,7776,238,NA,6,NA,NA,NA
316,5,32,['2009-04-30'],531,60,60,field,2969,531,38,NA,NA,NA,NA
317,5,21,['2009-05-01'],69,336,336,bat,8272,336,9,NA,NA,NA,NA
318,5,8,['2009-05-01'],359,479,359,bat,3273,359,8,NA,NA,NA,NA
319,5,18,['2009-05-02'],144,60,144,bat,2759,60,NA,3,NA,NA,NA
320,5,15,['2009-05-02'],531,238,238,field,2459,531,18,NA,NA,NA,NA
321,5,18,['2009-05-03'],479,69,69,bat,4463,479,NA,6,NA,NA,NA
322,5,15,['2009-05-03'],359,336,336,bat,8637,359,NA,9,NA,NA,NA
323,5,21,['2009-05-04'],531,144,531,bat,2235,531,78,NA,NA,NA,NA
324,5,8,['2009-05-05'],479,60,479,field,8896,60,78,NA,NA,NA,NA
325,5,8,['2009-05-05'],238,69,69,bat,2364,238,NA,9,NA,NA,NA
326,5,32,['2009-05-06'],144,336,144,bat,2818,144,19,NA,NA,NA,NA
327,5,32,['2009-05-07'],359,60,60,field,793,60,NA,7,NA,NA,NA
328,5,32,['2009-05-07'],531,479,531,bat,7529,531,12,NA,NA,NA,NA
329,5,21,['2009-05-08'],238,336,336,bat,2603,238,NA,7,NA,NA,NA
330,5,16,['2009-05-09'],144,479,479,field,4463,479,NA,3,NA,NA,NA
331,5,16,['2009-05-09'],531,60,60,bat,2209,531,NA,7,NA,NA,NA
332,5,18,['2009-05-10'],359,336,336,bat,8272,336,16,NA,NA,NA,NA
333,5,15,['2009-05-10'],238,69,238,field,1586,238,NA,7,NA,NA,NA
334,5,16,['2009-05-11'],144,60,144,bat,7917,144,53,NA,NA,NA,NA
335,5,32,['2009-05-12'],359,69,359,field,2030,359,NA,6,NA,NA,NA
336,5,32,['2009-05-12'],479,336,479,bat,2391,336,NA,8,NA,NA,NA
337,5,8,['2009-05-13'],144,238,144,field,2184,238,12,NA,NA,NA,NA
338,5,8,['2009-05-14'],359,531,531,bat,2030,359,NA,2,NA,NA,NA
339,5,8,['2009-05-14'],336,60,60,bat,8039,60,2,NA,NA,NA,NA
340,5,19,['2009-05-15'],238,479,479,field,7727,479,NA,6,NA,NA,NA
341,5,18,['2009-05-16'],531,336,336,bat,7529,531,NA,7,NA,NA,NA
342,5,15,['2009-05-16'],144,69,144,field,2818,144,NA,6,NA,NA,NA
343,5,15,['2009-05-17'],144,479,144,field,3273,479,1,NA,NA,NA,NA
344,5,19,['2009-05-17'],238,60,238,bat,8304,238,14,NA,NA,NA,NA
345,5,32,['2009-05-18'],531,69,531,bat,7484,69,NA,7,NA,NA,NA
346,5,15,['2009-05-19'],359,238,238,bat,8637,359,NA,7,NA,NA,NA
347,5,8,['2009-05-20'],69,60,69,field,2701,69,NA,4,NA,NA,NA
348,5,8,['2009-05-20'],531,479,531,bat,4596,531,24,NA,NA,NA,NA
349,5,32,['2009-05-21'],238,336,238,field,2829,238,NA,4,NA,NA,NA
350,5,32,['2009-05-21'],359,144,359,bat,2870,359,12,NA,NA,NA,NA
351,5,32,['2009-05-22'],238,144,144,field,7504,144,NA,6,NA,NA,NA
352,5,15,['2009-05-23'],359,531,359,field,2870,359,NA,6,NA,NA,NA
353,5,15,['2009-05-24'],359,144,359,field,2395,144,6,NA,NA,NA,NA
354,5,34,['2010-03-12'],144,69,144,field,4624,69,11,NA,NA,NA,NA
355,5,26,['2010-03-13'],336,60,336,bat,2759,336,4,NA,NA,NA,NA
356,5,3,['2010-03-13'],479,238,238,field,2364,238,NA,5,NA,NA,NA
357,5,23,['2010-03-14'],69,359,69,field,2986,69,NA,7,NA,NA,NA
358,5,33,['2010-03-14'],531,144,144,bat,5055,144,31,NA,NA,NA,NA
359,5,5,['2010-03-15'],60,238,238,field,2829,238,NA,6,NA,NA,NA
360,5,2,['2010-03-16'],359,479,479,bat,8637,359,NA,8,NA,NA,NA
361,5,23,['2010-03-16'],69,531,531,bat,2235,531,55,NA,NA,NA,NA
362,5,1,['2010-03-17'],238,336,238,field,2998,336,98,NA,NA,NA,NA
363,5,2,['2010-03-18'],359,60,359,field,8637,359,NA,10,NA,NA,NA
364,5,1,['2010-03-19'],238,531,238,bat,7529,531,NA,5,NA,NA,NA
365,5,10,['2010-03-19'],144,479,479,field,7844,144,6,NA,NA,NA,NA
366,5,5,['2010-03-20'],60,69,60,bat,2438,60,34,NA,NA,NA,NA
367,5,26,['2010-03-20'],336,359,336,bat,8637,359,NA,7,NA,NA,NA
368,5,10,['2010-03-21'],144,238,144,bat,7844,144,10,NA,NA,NA,NA
369,5,33,['2010-03-21'],531,479,531,field,8992,TIE,NA,NA,NA,NA,NA
370,5,26,['2010-03-22'],336,69,69,bat,2998,336,NA,7,NA,NA,NA
371,5,2,['2010-03-23'],359,531,531,field,3009,359,36,NA,NA,NA,NA
372,5,3,['2010-03-24'],479,60,479,field,8012,60,31,NA,NA,NA,NA
373,5,26,['2010-03-25'],336,531,336,field,2998,336,NA,5,NA,NA,NA
374,5,5,['2010-03-26'],60,144,144,bat,2759,60,NA,8,NA,NA,NA
375,5,3,['2010-03-27'],479,69,69,bat,2986,69,39,NA,NA,NA,NA
376,5,2,['2010-03-25'],359,238,359,field,2475,238,17,NA,NA,NA,NA
377,5,5,['2010-03-28'],60,531,60,bat,2797,60,17,NA,NA,NA,NA
378,5,34,['2010-03-28'],144,336,144,field,2391,336,41,NA,NA,NA,NA
379,5,1,['2010-03-29'],238,69,238,bat,8038,238,40,NA,NA,NA,NA
380,5,26,['2010-03-30'],336,479,336,field,4634,336,NA,4,NA,NA,NA
381,5,33,['2010-03-31'],531,359,359,bat,2563,531,NA,5,NA,NA,NA
382,5,1,['2010-03-31'],238,60,238,bat,2485,238,67,NA,NA,NA,NA
383,5,23,['2010-04-01'],69,144,69,bat,2358,69,24,NA,NA,NA,NA
384,5,3,['2010-04-02'],479,359,479,bat,6324,359,NA,6,NA,NA,NA
385,5,33,['2010-04-03'],531,60,531,bat,2563,531,23,NA,NA,NA,NA
386,5,26,['2010-04-03'],336,144,336,bat,2864,336,63,NA,NA,NA,NA
387,5,23,['2010-04-04'],69,479,69,bat,4463,479,NA,8,NA,NA,NA
388,5,1,['2010-04-04'],238,359,238,bat,5546,238,37,NA,NA,NA,NA
389,5,17,['2010-04-05'],144,60,60,bat,8039,60,2,NA,NA,NA,NA
390,5,33,['2010-04-06'],531,336,531,bat,2969,531,24,NA,NA,NA,NA
391,5,12,['2010-04-07'],60,479,479,bat,136,60,NA,9,NA,NA,NA
392,5,23,['2010-04-07'],69,238,69,bat,2358,69,14,NA,NA,NA,NA
393,5,2,['2010-04-08'],359,144,144,field,2642,144,NA,7,NA,NA,NA
394,5,3,['2010-04-09'],479,336,336,bat,4946,479,NA,6,NA,NA,NA
395,5,17,['2010-04-10'],144,531,531,bat,7544,144,NA,6,NA,NA,NA
396,5,2,['2010-04-10'],359,69,359,field,3019,359,NA,7,NA,NA,NA
397,5,1,['2010-04-11'],238,479,238,bat,2258,479,NA,7,NA,NA,NA
398,5,12,['2010-04-11'],60,336,60,field,2998,336,37,NA,NA,NA,NA
399,5,17,['2010-04-12'],144,359,359,field,1628,144,13,NA,NA,NA,NA
400,5,26,['2010-04-13'],336,238,336,bat,9370,336,39,NA,NA,NA,NA
401,5,33,['2010-04-13'],531,69,69,bat,2079,531,NA,9,NA,NA,NA
402,5,12,['2010-04-14'],60,359,60,bat,6324,359,NA,5,NA,NA,NA
403,5,33,['2010-04-15'],531,238,531,bat,2364,238,NA,6,NA,NA,NA
404,5,29,['2010-04-16'],479,144,144,field,2818,144,NA,5,NA,NA,NA
405,5,2,['2010-04-17'],359,336,359,field,8683,336,57,NA,NA,NA,NA
406,5,23,['2010-04-17'],69,60,60,bat,3013,69,NA,8,NA,NA,NA
407,5,29,['2010-04-18'],479,531,531,field,2235,531,NA,6,NA,NA,NA
408,5,1,['2010-04-18'],238,144,144,bat,7844,144,11,NA,NA,NA,NA
409,5,23,['2010-04-19'],69,336,336,bat,2484,69,NA,9,NA,NA,NA
410,5,34,['2010-04-21'],359,336,336,bat,9370,336,35,NA,NA,NA,NA
411,5,34,['2010-04-22'],531,144,531,bat,7221,531,38,NA,NA,NA,NA
412,5,34,['2010-04-24'],359,144,144,bat,2395,359,NA,9,NA,NA,NA
413,5,34,['2010-04-25'],531,336,531,bat,2969,531,22,NA,NA,NA,NA
414,5,33,['2011-04-08'],531,69,531,bat,2107,531,2,NA,NA,NA,NA
415,5,31,['2011-04-09'],144,60,60,field,2982,60,NA,8,NA,NA,NA
416,5,4,['2011-04-09'],501,359,501,bat,8304,359,NA,6,NA,NA,NA
417,5,1,['2011-04-10'],238,336,238,bat,4634,336,NA,8,NA,NA,NA
418,5,34,['2011-04-10'],76,479,479,bat,3248,76,NA,7,NA,NA,NA
419,5,23,['2011-04-11'],69,144,69,bat,8637,69,9,NA,NA,NA,NA
420,5,12,['2011-04-12'],60,238,238,bat,8039,60,NA,6,NA,NA,NA
421,5,2,['2011-04-12'],359,336,336,field,2998,336,NA,9,NA,NA,NA
422,5,3,['2011-04-13'],479,531,479,field,3041,479,NA,6,NA,NA,NA
423,5,34,['2011-04-13'],76,501,501,bat,2544,76,NA,4,NA,NA,NA
424,5,31,['2011-04-14'],144,359,359,field,8845,144,33,NA,NA,NA,NA
425,5,12,['2011-04-15'],60,69,69,field,2364,69,NA,9,NA,NA,NA
426,5,25,['2011-04-15'],336,501,501,field,1916,501,NA,8,NA,NA,NA
427,5,33,['2011-04-16'],531,359,531,bat,7421,531,21,NA,NA,NA,NA
428,5,31,['2011-04-16'],144,479,479,field,3041,479,NA,8,NA,NA,NA
429,5,34,['2011-04-17'],76,238,238,field,3273,238,NA,3,NA,NA,NA
430,5,23,['2011-04-17'],69,60,69,field,2206,69,NA,8,NA,NA,NA
431,5,4,['2011-04-18'],501,531,501,field,1916,501,NA,7,NA,NA,NA
432,5,1,['2011-04-19'],238,144,144,bat,1603,144,16,NA,NA,NA,NA
433,5,25,['2011-04-20'],336,76,76,bat,6406,336,NA,7,NA,NA,NA
434,5,23,['2011-04-20'],69,501,69,field,4463,501,6,NA,NA,NA,NA
435,5,3,['2011-04-21'],479,60,60,field,7653,479,48,NA,NA,NA,NA
436,5,25,['2011-04-22'],336,531,531,field,2391,336,8,NA,NA,NA,NA
437,5,23,['2011-04-22'],69,359,359,field,9246,359,NA,9,NA,NA,NA
438,5,1,['2011-04-23'],238,479,479,field,8038,238,29,NA,NA,NA,NA
439,5,31,['2011-04-24'],144,336,144,field,4634,336,37,NA,NA,NA,NA
440,5,12,['2011-04-24'],60,501,60,field,8039,60,NA,8,NA,NA,NA
441,5,33,['2011-04-25'],531,76,76,field,7421,531,25,NA,NA,NA,NA
442,5,1,['2011-04-26'],238,359,359,field,2422,359,NA,3,NA,NA,NA
443,5,34,['2011-04-27'],76,531,76,bat,7221,531,NA,8,NA,NA,NA
444,5,4,['2011-04-27'],501,144,501,field,2753,144,55,NA,NA,NA,NA
445,5,1,['2011-04-28'],238,69,238,field,2986,69,17,NA,NA,NA,NA
446,5,12,['2011-04-29'],60,336,60,field,8091,60,NA,7,NA,NA,NA
447,5,2,['2011-04-29'],359,76,76,field,2422,359,26,NA,NA,NA,NA
448,5,4,['2011-04-30'],501,238,238,bat,2829,238,38,NA,NA,NA,NA
449,5,23,['2011-04-30'],69,479,69,field,2425,69,NA,8,NA,NA,NA
450,5,12,['2011-05-01'],60,76,60,field,2030,60,NA,6,NA,NA,NA
451,5,33,['2011-05-01'],531,144,531,bat,8504,531,19,NA,NA,NA,NA
452,5,25,['2011-05-02'],336,479,479,field,9370,336,23,NA,NA,NA,NA
453,5,1,['2011-05-02'],238,501,501,field,2834,501,NA,7,NA,NA,NA
454,5,31,['2011-05-03'],144,69,144,field,2759,69,20,NA,NA,NA,NA
455,5,33,['2011-05-04'],531,60,60,bat,7421,531,NA,8,NA,NA,NA
456,5,34,['2011-05-04'],76,336,76,field,1627,336,21,NA,NA,NA,NA
457,5,4,['2011-05-05'],501,69,69,field,7484,501,17,NA,NA,NA,NA
458,5,31,['2011-05-05'],144,238,238,field,2829,238,NA,4,NA,NA,NA
459,5,2,['2011-05-06'],359,479,479,field,9246,359,85,NA,NA,NA,NA
460,5,23,['2011-05-07'],69,531,531,bat,2425,69,10,NA,NA,NA,NA
461,5,25,['2011-05-07'],336,238,238,field,2864,336,32,NA,NA,NA,NA
462,5,2,['2011-05-08'],359,501,501,bat,9246,359,NA,9,NA,NA,NA
463,5,3,['2011-05-08'],479,76,479,bat,1627,76,NA,5,NA,NA,NA
464,5,12,['2011-05-09'],60,531,60,field,2563,531,63,NA,NA,NA,NA
465,5,31,['2011-05-10'],144,76,144,bat,7654,76,NA,6,NA,NA,NA
466,5,3,['2011-05-10'],479,336,336,field,2180,479,76,NA,NA,NA,NA
467,5,12,['2011-05-11'],60,359,359,field,2097,359,NA,9,NA,NA,NA
468,5,33,['2011-05-12'],531,238,531,bat,2235,531,18,NA,NA,NA,NA
469,5,9,['2011-05-13'],501,479,479,field,2485,479,NA,6,NA,NA,NA
470,5,2,['2011-05-14'],359,69,359,field,9246,359,NA,4,NA,NA,NA
471,5,25,['2011-05-14'],336,144,144,bat,1586,144,10,NA,NA,NA,NA
472,5,29,['2011-05-15'],479,238,238,field,2258,479,29,NA,NA,NA,NA
473,5,9,['2011-05-15'],501,60,501,field,7484,501,NA,8,NA,NA,NA
474,5,34,['2011-05-16'],76,144,144,field,1586,144,NA,6,NA,NA,NA
475,5,29,['2011-05-17'],479,359,479,bat,7504,479,111,NA,NA,NA,NA
476,5,33,['2011-05-18'],531,501,531,bat,2954,531,11,NA,NA,NA,NA
477,5,34,['2011-05-19'],76,69,69,field,2759,69,NA,7,NA,NA,NA
478,5,25,['2011-05-20'],336,60,336,bat,8034,60,NA,10,NA,NA,NA
479,5,29,['2011-05-21'],479,144,479,field,2237,144,82,NA,NA,NA,NA
480,5,1,['2011-05-21'],238,76,238,bat,NA,NA,NA,NA,NA,NA,NA
481,5,2,['2011-05-22'],359,531,359,field,9246,359,NA,8,NA,NA,NA
482,5,23,['2011-05-22'],69,336,336,field,1775,336,NA,5,NA,NA,NA
483,5,25,['2011-05-24'],359,531,531,field,2969,531,NA,6,NA,NA,NA
484,5,25,['2011-05-25'],336,69,336,field,6406,336,NA,4,NA,NA,NA
485,5,33,['2011-05-27'],359,336,336,field,9246,359,43,NA,NA,NA,NA
486,5,33,['2011-05-28'],531,359,531,bat,2563,531,58,NA,NA,NA,NA
487,5,33,['2012-04-04'],531,336,336,field,8695,336,NA,8,NA,NA,NA
488,5,23,['2012-04-05'],69,238,238,field,2760,238,NA,8,NA,NA,NA
489,5,25,['2012-04-06'],336,76,336,field,7901,76,28,NA,NA,NA,NA
490,5,12,['2012-04-06'],60,479,479,field,2975,60,31,NA,NA,NA,NA
491,5,2,['2012-04-07'],359,238,238,field,8304,359,20,NA,NA,NA,NA
492,5,6,['2012-04-07'],144,531,144,field,2481,531,74,NA,NA,NA,NA
493,5,12,['2012-04-08'],60,69,69,field,7484,60,22,NA,NA,NA,NA
494,5,28,['2012-04-08'],76,479,76,bat,9446,76,22,NA,NA,NA,NA
495,5,6,['2012-04-09'],144,336,144,bat,2818,336,NA,5,NA,NA,NA
496,5,2,['2012-04-10'],359,69,359,field,2206,69,42,NA,NA,NA,NA
497,5,1,['2012-04-10'],238,531,238,field,8503,238,NA,8,NA,NA,NA
498,5,25,['2012-04-11'],336,60,60,field,9370,336,27,NA,NA,NA,NA
499,5,33,['2012-04-12'],531,359,359,bat,8260,531,NA,5,NA,NA,NA
500,5,3,['2012-04-12'],479,76,479,field,292,479,NA,7,NA,NA,NA
501,5,23,['2012-04-13'],69,60,60,bat,974,69,NA,5,NA,NA,NA
502,5,1,['2012-04-19'],238,144,144,bat,6324,238,NA,5,NA,NA,NA
503,5,28,['2012-04-14'],76,531,531,bat,1966,76,NA,7,NA,NA,NA
504,5,23,['2012-04-15'],69,479,69,field,9356,479,2,NA,NA,NA,NA
505,5,2,['2012-04-15'],359,60,60,bat,2975,60,59,NA,NA,NA,NA
506,5,25,['2012-04-16'],336,238,238,field,2636,238,NA,7,NA,NA,NA
507,5,12,['2012-04-17'],60,144,144,bat,7484,60,NA,5,NA,NA,NA
508,5,2,['2012-04-17'],359,76,76,bat,9246,359,NA,6,NA,NA,NA
509,5,3,['2012-04-18'],479,69,479,bat,2364,69,NA,8,NA,NA,NA
510,5,31,['2012-05-10'],144,238,144,bat,8038,238,NA,9,NA,NA,NA
511,5,33,['2012-04-19'],531,76,76,field,4513,531,13,NA,NA,NA,NA
512,5,3,['2012-04-20'],479,359,359,field,9246,359,NA,5,NA,NA,NA
513,5,33,['2012-04-21'],531,60,60,bat,8260,531,NA,7,NA,NA,NA
514,5,1,['2012-04-21'],238,76,238,field,2358,76,20,NA,NA,NA,NA
515,5,25,['2012-04-22'],336,479,336,bat,7653,479,NA,6,NA,NA,NA
516,5,10,['2012-04-22'],144,69,69,field,7727,69,NA,5,NA,NA,NA
517,5,12,['2012-04-23'],60,359,60,field,8304,359,46,NA,NA,NA,NA
518,5,28,['2012-04-24'],76,238,76,bat,2829,238,NA,8,NA,NA,NA
519,5,3,['2012-04-25'],479,336,479,bat,2864,336,NA,4,NA,NA,NA
520,5,28,['2012-04-26'],76,144,144,bat,8022,144,18,NA,NA,NA,NA
521,5,1,['2012-04-27'],238,336,336,field,2829,238,37,NA,NA,NA,NA
522,5,33,['2012-04-28'],531,479,479,bat,2571,479,7,NA,NA,NA,NA
523,5,23,['2012-04-28'],69,359,69,bat,2364,69,47,NA,NA,NA,NA
524,5,1,['2012-04-29'],238,60,238,bat,2829,238,1,NA,NA,NA,NA
525,5,25,['2012-04-29'],336,144,336,field,8845,336,NA,5,NA,NA,NA
526,5,33,['2012-04-30'],531,69,531,bat,2364,69,NA,5,NA,NA,NA
527,5,10,['2012-05-01'],144,76,144,bat,4946,144,13,NA,NA,NA,NA
528,5,12,['2012-05-01'],60,238,60,bat,2604,238,NA,6,NA,NA,NA
529,5,2,['2012-05-02'],359,479,479,field,3049,479,NA,4,NA,NA,NA
530,5,28,['2012-05-03'],76,336,336,bat,4634,336,1,NA,NA,NA,NA
531,5,33,['2012-05-04'],531,144,531,bat,2969,531,10,NA,NA,NA,NA
532,5,23,['2012-05-05'],69,76,69,bat,9356,69,7,NA,NA,NA,NA
533,5,3,['2012-05-05'],479,60,60,bat,8034,60,43,NA,NA,NA,NA
534,5,25,['2012-05-06'],336,531,336,field,7917,336,NA,2,NA,NA,NA
535,5,2,['2012-05-06'],359,144,359,field,8304,359,NA,5,NA,NA,NA
536,5,1,['2012-05-07'],238,69,238,bat,8637,69,NA,6,NA,NA,NA
537,5,28,['2012-05-08'],76,60,76,bat,8034,60,NA,7,NA,NA,NA
538,5,31,['2012-05-08'],144,479,144,field,2571,479,25,NA,NA,NA,NA
539,5,25,['2012-05-09'],336,359,359,field,9246,359,NA,9,NA,NA,NA
540,5,12,['2012-05-10'],60,531,531,field,7498,531,NA,4,NA,NA,NA
541,5,28,['2012-05-11'],76,359,76,field,9246,359,35,NA,NA,NA,NA
542,5,23,['2012-05-12'],69,336,336,bat,2818,336,27,NA,NA,NA,NA
543,5,33,['2012-05-12'],531,238,531,field,7498,531,NA,9,NA,NA,NA
544,5,12,['2012-05-13'],60,76,60,bat,2279,60,45,NA,NA,NA,NA
545,5,3,['2012-05-13'],479,144,144,bat,7427,479,NA,4,NA,NA,NA
546,5,2,['2012-05-14'],359,336,336,field,2864,336,NA,5,NA,NA,NA
547,5,23,['2012-05-14'],69,531,531,field,7421,531,NA,5,NA,NA,NA
548,5,1,['2012-05-15'],238,479,479,bat,3286,238,NA,5,NA,NA,NA
549,5,25,['2012-05-16'],336,69,336,field,9356,69,32,NA,NA,NA,NA
550,5,29,['2012-05-17'],479,531,479,field,7504,479,NA,6,NA,NA,NA
551,5,1,['2012-05-17'],238,359,238,field,9246,359,21,NA,NA,NA,NA
552,5,31,['2012-05-18'],144,60,60,bat,8845,144,NA,5,NA,NA,NA
553,5,29,['2012-05-19'],479,238,238,field,3286,238,NA,6,NA,NA,NA
554,5,28,['2012-05-19'],76,69,69,bat,974,69,34,NA,NA,NA,NA
555,5,31,['2012-05-20'],144,359,359,field,8845,144,9,NA,NA,NA,NA
556,5,12,['2012-05-20'],60,336,60,bat,7917,336,NA,10,NA,NA,NA
557,5,28,['2012-05-22'],238,69,69,bat,2759,69,18,NA,NA,NA,NA
558,5,2,['2012-05-23'],531,336,336,field,2235,531,38,NA,NA,NA,NA
559,5,33,['2012-05-25'],238,531,238,field,2563,531,86,NA,NA,NA,NA
560,5,33,['2012-05-27'],69,531,531,bat,2154,69,NA,5,NA,NA,NA
561,5,23,['2013-04-03'],69,238,69,field,9356,69,NA,6,NA,NA,NA
562,5,2,['2013-04-04'],359,336,336,field,9246,359,2,NA,NA,NA,NA
563,5,31,['2013-04-05'],103,76,76,field,1586,103,22,NA,NA,NA,NA
564,5,1,['2013-04-06'],238,60,60,bat,2221,60,5,NA,NA,NA,NA
565,5,33,['2013-04-06'],531,336,336,bat,9370,336,9,NA,NA,NA,NA
566,5,28,['2013-04-07'],76,479,76,bat,3016,479,NA,8,NA,NA,NA
567,5,31,['2013-04-07'],103,359,359,bat,3028,TIE,NA,NA,NA,NA,NA
568,5,12,['2013-04-08'],60,69,69,field,2982,60,19,NA,NA,NA,NA
569,5,25,['2013-04-09'],336,238,336,bat,2485,336,44,NA,NA,NA,NA
570,5,3,['2013-04-10'],479,531,531,field,7421,531,NA,10,NA,NA,NA
571,5,2,['2013-04-11'],359,69,359,field,9246,359,NA,8,NA,NA,NA
572,5,28,['2013-04-11'],76,60,60,bat,7422,76,NA,7,NA,NA,NA
573,5,1,['2013-04-12'],238,103,238,bat,1586,103,NA,3,NA,NA,NA
574,5,25,['2013-04-13'],336,76,336,bat,2818,336,41,NA,NA,NA,NA
575,5,33,['2013-04-13'],531,359,531,field,2481,531,NA,4,NA,NA,NA
576,5,23,['2013-04-14'],69,103,69,bat,2364,69,48,NA,NA,NA,NA
577,5,12,['2013-04-14'],60,479,60,field,7439,60,NA,6,NA,NA,NA
578,5,33,['2013-04-15'],531,76,76,bat,7901,76,24,NA,NA,NA,NA
579,5,3,['2013-04-16'],479,69,69,field,2325,479,4,NA,NA,NA,NA
580,5,2,['2013-04-16'],359,238,359,field,2422,TIE,NA,NA,NA,NA,NA
581,5,28,['2013-04-17'],76,103,76,field,1586,103,11,NA,NA,NA,NA
582,5,12,['2013-04-17'],60,336,60,bat,2975,60,87,NA,NA,NA,NA
583,5,1,['2013-04-18'],238,531,531,bat,7421,531,86,NA,NA,NA,NA
584,5,31,['2013-04-19'],103,479,479,bat,3028,103,NA,5,NA,NA,NA
585,5,23,['2013-04-20'],69,531,69,bat,2481,531,NA,4,NA,NA,NA
586,5,2,['2013-04-20'],359,60,359,field,3019,359,NA,7,NA,NA,NA
587,5,1,['2013-04-21'],238,336,336,bat,2829,238,NA,9,NA,NA,NA
588,5,3,['2013-04-21'],479,76,479,field,8553,479,NA,7,NA,NA,NA
589,5,33,['2013-04-22'],531,60,60,bat,7421,531,NA,5,NA,NA,NA
590,5,2,['2013-04-23'],359,76,76,field,9246,359,130,NA,NA,NA,NA
591,5,29,['2013-05-16'],479,238,238,field,8553,479,7,NA,NA,NA,NA
592,5,23,['2013-04-24'],69,336,69,bat,7917,336,NA,5,NA,NA,NA
593,5,33,['2013-04-25'],531,103,103,bat,2235,531,NA,5,NA,NA,NA
594,5,23,['2013-04-26'],69,479,479,bat,8637,69,NA,6,NA,NA,NA
595,5,12,['2013-04-27'],60,103,103,bat,7439,60,NA,8,NA,NA,NA
596,5,25,['2013-04-27'],336,359,336,bat,7917,336,58,NA,NA,NA,NA
597,5,33,['2013-04-28'],531,69,69,field,7421,531,14,NA,NA,NA,NA
598,5,7,['2013-04-28'],238,76,76,field,8038,238,15,NA,NA,NA,NA
599,5,12,['2013-04-29'],60,359,60,field,2926,60,NA,4,NA,NA,NA
600,5,25,['2013-04-29'],336,479,336,bat,2818,336,4,NA,NA,NA,NA
601,5,28,['2013-04-30'],76,531,531,bat,2235,531,37,NA,NA,NA,NA
602,5,31,['2013-05-01'],103,336,336,bat,2753,103,NA,7,NA,NA,NA
603,5,7,['2013-05-01'],238,69,69,bat,8038,238,NA,7,NA,NA,NA
604,5,33,['2013-05-02'],531,479,531,bat,2969,531,15,NA,NA,NA,NA
605,5,28,['2013-05-02'],76,359,359,bat,8304,359,17,NA,NA,NA,NA
606,5,23,['2013-05-03'],69,60,60,bat,2759,69,NA,8,NA,NA,NA
607,5,31,['2013-05-04'],103,238,238,bat,5189,103,NA,6,NA,NA,NA
608,5,2,['2013-05-14'],359,479,479,field,7504,479,NA,7,NA,NA,NA
609,5,25,['2013-05-05'],336,531,336,bat,7608,336,60,NA,NA,NA,NA
610,5,12,['2013-05-05'],60,76,76,bat,2975,60,NA,5,NA,NA,NA
611,5,2,['2013-04-09'],359,103,103,bat,2422,359,NA,7,NA,NA,NA
612,5,12,['2013-05-07'],60,238,238,bat,2975,60,NA,9,NA,NA,NA
613,5,25,['2013-05-07'],336,69,336,bat,2998,336,65,NA,NA,NA,NA
614,5,31,['2013-05-08'],103,531,103,field,2969,531,77,NA,NA,NA,NA
615,5,3,['2013-05-09'],479,60,60,field,9173,60,NA,8,NA,NA,NA
616,5,28,['2013-05-09'],76,69,69,bat,2364,69,46,NA,NA,NA,NA
617,5,1,['2013-05-10'],238,359,238,field,3013,359,4,NA,NA,NA,NA
618,5,28,['2013-05-11'],76,336,76,bat,7608,336,NA,5,NA,NA,NA
619,5,3,['2013-05-11'],479,103,479,field,2783,103,30,NA,NA,NA,NA
620,5,14,['2013-05-12'],69,359,69,field,8637,69,NA,5,NA,NA,NA
621,5,12,['2013-05-12'],60,531,60,field,8034,60,NA,5,NA,NA,NA
622,5,1,['2013-04-23'],238,479,479,field,1628,479,NA,5,NA,NA,NA
623,5,25,['2013-05-13'],336,103,103,bat,9370,336,NA,7,NA,NA,NA
624,5,14,['2013-05-15'],69,76,69,field,2870,76,7,NA,NA,NA,NA
625,5,33,['2013-05-14'],531,238,531,bat,2235,531,33,NA,NA,NA,NA
626,5,25,['2013-05-15'],336,60,60,field,3002,336,14,NA,NA,NA,NA
627,5,3,['2013-05-06'],479,359,479,field,8553,479,NA,6,NA,NA,NA
628,5,31,['2013-05-17'],103,60,103,bat,1586,103,23,NA,NA,NA,NA
629,5,29,['2013-05-18'],479,336,336,field,3049,479,50,NA,NA,NA,NA
630,5,28,['2013-05-19'],76,238,76,bat,6935,76,38,NA,NA,NA,NA
631,5,2,['2013-05-18'],359,531,531,field,2422,359,24,NA,NA,NA,NA
632,5,31,['2013-05-19'],103,69,69,bat,2783,103,NA,5,NA,NA,NA
633,5,1,['2013-05-21'],531,336,531,bat,7421,531,48,NA,NA,NA,NA
634,5,1,['2013-05-22'],60,103,103,bat,7484,60,NA,4,NA,NA,NA
635,5,23,['2013-05-24'],336,60,60,bat,2391,336,NA,4,NA,NA,NA
636,5,23,['2013-05-26'],531,336,336,bat,9370,336,23,NA,NA,NA,NA
637,5,24,['2014-04-16'],336,69,69,bat,8637,69,41,NA,NA,NA,NA
638,5,11,['2014-04-17'],238,359,359,field,2288,359,NA,8,NA,NA,NA
639,5,24,['2014-04-18'],531,479,531,bat,7624,479,NA,6,NA,NA,NA
640,5,24,['2014-04-18'],103,60,60,field,2975,60,NA,4,NA,NA,NA
641,5,20,['2014-04-19'],359,336,359,field,2783,359,NA,7,NA,NA,NA
642,5,20,['2014-04-19'],69,238,69,bat,8272,238,NA,4,NA,NA,NA
643,5,11,['2014-04-20'],60,479,479,field,7624,479,NA,7,NA,NA,NA
644,5,24,['2014-04-21'],531,238,531,bat,2969,531,93,NA,NA,NA,NA
645,5,11,['2014-04-22'],479,103,103,field,7624,479,72,NA,NA,NA,NA
646,5,20,['2014-04-23'],60,531,60,field,2481,531,7,NA,NA,NA,NA
647,5,11,['2014-04-24'],359,69,359,field,7672,69,2,NA,NA,NA,NA
648,5,20,['2014-04-25'],103,238,103,bat,7422,103,4,NA,NA,NA,NA
649,5,20,['2014-04-25'],531,336,336,bat,2747,531,NA,7,NA,NA,NA
650,5,24,['2014-04-26'],60,359,60,field,3006,60,NA,6,NA,NA,NA
651,5,24,['2014-04-26'],69,479,69,field,2920,479,23,NA,NA,NA,NA
652,5,11,['2014-04-27'],238,336,336,bat,2563,238,NA,6,NA,NA,NA
653,5,11,['2014-04-27'],103,531,103,bat,7917,531,NA,5,NA,NA,NA
654,5,20,['2014-04-28'],479,359,479,field,2920,479,NA,5,NA,NA,NA
655,5,24,['2014-04-29'],69,60,60,bat,7439,TIE,NA,NA,NA,NA,NA
656,5,20,['2014-04-30'],336,103,336,field,2139,103,15,NA,NA,NA,NA
657,5,14,['2014-05-02'],531,69,531,bat,2481,531,34,NA,NA,NA,NA
658,5,25,['2014-05-03'],336,479,479,bat,1674,336,NA,5,NA,NA,NA
659,5,1,['2014-05-03'],238,60,60,field,2620,60,NA,7,NA,NA,NA
660,5,2,['2014-05-04'],359,103,359,field,8304,359,NA,4,NA,NA,NA
661,5,5,['2014-05-05'],60,69,69,field,3006,60,10,NA,NA,NA,NA
662,5,1,['2014-05-05'],238,531,531,field,7917,531,NA,8,NA,NA,NA
663,5,25,['2014-05-06'],336,359,359,field,2818,336,19,NA,NA,NA,NA
664,5,1,['2014-05-07'],238,69,238,bat,2364,69,NA,8,NA,NA,NA
665,5,10,['2014-05-07'],479,531,531,field,7624,479,44,NA,NA,NA,NA
666,5,5,['2014-05-08'],60,103,60,field,2139,103,32,NA,NA,NA,NA
667,5,2,['2014-05-09'],359,479,359,field,2920,479,32,NA,NA,NA,NA
668,5,1,['2014-05-10'],238,103,103,field,8845,103,NA,8,NA,NA,NA
669,5,25,['2014-05-10'],336,531,531,field,7917,531,NA,4,NA,NA,NA
670,5,10,['2014-05-11'],479,69,69,field,2364,69,NA,9,NA,NA,NA
671,5,2,['2014-05-11'],359,60,359,bat,7439,60,NA,5,NA,NA,NA
672,5,31,['2014-05-12'],103,336,103,bat,2864,336,NA,7,NA,NA,NA
673,5,14,['2014-05-13'],531,60,60,bat,2481,531,NA,5,NA,NA,NA
674,5,2,['2014-05-13'],359,238,238,field,3273,359,16,NA,NA,NA,NA
675,5,31,['2014-05-14'],103,479,479,field,2954,479,NA,6,NA,NA,NA
676,5,10,['2014-05-14'],69,336,69,field,3009,69,NA,6,NA,NA,NA
677,5,5,['2014-05-15'],60,238,238,field,2975,60,62,NA,NA,NA,NA
678,5,14,['2014-05-18'],531,359,531,bat,8304,359,NA,5,NA,NA,NA
679,5,31,['2014-05-18'],103,69,103,bat,3286,69,NA,7,NA,NA,NA
680,5,5,['2014-05-19'],60,336,336,bat,7421,336,25,NA,NA,NA,NA
681,5,1,['2014-05-19'],238,479,479,field,2801,479,NA,4,NA,NA,NA
682,5,31,['2014-05-20'],103,359,359,bat,8038,103,NA,7,NA,NA,NA
683,5,23,['2014-05-20'],69,531,69,field,3009,69,NA,8,NA,NA,NA
684,5,3,['2014-05-21'],479,336,336,field,9435,336,NA,7,NA,NA,NA
685,5,23,['2014-05-22'],69,359,359,field,3009,69,30,NA,NA,NA,NA
686,5,14,['2014-05-22'],531,103,103,field,8038,103,NA,6,NA,NA,NA
687,5,25,['2014-05-23'],336,238,238,field,7421,336,15,NA,NA,NA,NA
688,5,3,['2014-05-23'],479,60,60,field,7653,479,16,NA,NA,NA,NA
689,5,2,['2014-05-24'],359,531,531,field,2235,531,NA,8,NA,NA,NA
690,5,23,['2014-05-24'],69,103,69,field,2759,69,NA,4,NA,NA,NA
691,5,3,['2014-05-25'],479,238,479,field,3016,479,NA,7,NA,NA,NA
692,5,25,['2014-05-25'],336,60,336,field,1674,336,NA,5,NA,NA,NA
693,5,23,"['2014-05-27,2014-05-28']",479,69,479,field,3286,69,28,NA,NA,NA,NA
694,5,26,['2014-05-28'],531,336,531,field,2969,531,NA,7,NA,NA,NA
695,5,25,['2014-05-30'],531,479,531,field,2829,479,24,NA,NA,NA,NA
696,5,2,['2014-06-01'],69,479,69,field,2870,69,NA,3,NA,NA,NA
697,5,23,['2015-04-08'],69,336,69,field,8503,69,NA,7,NA,NA,NA
698,5,33,['2015-04-09'],531,238,238,field,2603,531,1,NA,NA,NA,NA
699,5,27,['2015-04-10'],479,60,479,field,7439,60,26,NA,NA,NA,NA
700,5,33,['2015-04-11'],531,103,531,bat,1916,531,45,NA,NA,NA,NA
701,5,23,['2015-04-11'],69,359,359,field,9246,359,NA,3,NA,NA,NA
702,5,1,['2015-04-12'],238,60,60,field,2373,60,NA,3,NA,NA,NA
703,5,25,['2015-04-12'],336,479,336,field,7271,479,18,NA,NA,NA,NA
704,5,2,['2015-04-13'],359,103,103,field,8038,103,NA,8,NA,NA,NA
705,5,5,['2015-04-14'],60,336,336,bat,7901,60,NA,7,NA,NA,NA
706,5,23,['2015-04-30'],69,531,69,field,9394,69,NA,7,NA,NA,NA
707,5,27,['2015-04-15'],479,238,479,bat,2148,238,NA,5,NA,NA,NA
708,5,6,['2015-04-16'],103,60,60,field,2975,60,NA,6,NA,NA,NA
709,5,25,['2015-04-17'],336,531,336,bat,2603,531,NA,6,NA,NA,NA
710,5,6,['2015-04-18'],103,238,238,bat,8272,238,4,NA,NA,NA,NA
711,5,27,['2015-04-18'],479,69,69,field,9394,69,NA,4,NA,NA,NA
712,5,5,['2015-04-19'],60,531,531,bat,2975,60,NA,8,NA,NA,NA
713,5,2,['2015-04-19'],359,336,359,field,2391,336,18,NA,NA,NA,NA
714,5,1,['2015-04-20'],238,69,69,field,3286,69,NA,6,NA,NA,NA
715,5,5,['2015-04-21'],60,479,479,field,7653,TIE,NA,NA,NA,NA,NA
716,5,6,['2015-04-22'],103,69,69,field,8038,103,16,NA,NA,NA,NA
717,5,2,['2015-04-22'],359,531,359,field,2969,531,27,NA,NA,NA,NA
718,5,1,['2015-04-23'],238,336,336,field,2413,238,37,NA,NA,NA,NA
719,5,5,['2015-04-24'],60,359,359,field,7878,359,NA,9,NA,NA,NA
720,5,25,['2015-04-25'],336,103,336,bat,4634,336,20,NA,NA,NA,NA
721,5,33,['2015-04-25'],531,479,531,bat,1916,531,97,NA,NA,NA,NA
722,5,1,['2015-04-26'],238,359,359,field,2177,359,NA,10,NA,NA,NA
723,5,3,['2015-04-27'],479,103,479,field,1698,103,20,NA,NA,NA,NA
724,5,23,['2015-05-07'],69,238,69,bat,2258,69,13,NA,NA,NA,NA
725,5,2,['2015-04-29'],359,60,60,field,NA,NA,NA,NA,NA,NA,NA
726,5,33,['2015-04-28'],531,69,69,field,9129,531,2,NA,NA,NA,NA
727,5,1,['2015-05-01'],238,479,238,field,7283,238,NA,9,NA,NA,NA
728,5,25,['2015-05-01'],336,60,60,field,2864,336,8,NA,NA,NA,NA
729,5,2,['2015-05-02'],359,69,359,field,2571,359,NA,7,NA,NA,NA
730,5,31,['2015-05-02'],103,531,531,field,8038,103,22,NA,NA,NA,NA
731,5,3,['2015-05-03'],479,336,336,bat,9435,336,23,NA,NA,NA,NA
732,5,26,['2015-05-03'],60,238,238,field,2975,60,14,NA,NA,NA,NA
733,5,33,['2015-05-04'],531,359,531,bat,2969,531,24,NA,NA,NA,NA
734,5,23,['2015-05-04'],69,103,103,field,3286,69,35,NA,NA,NA,NA
735,5,25,['2015-05-05'],336,238,238,bat,2391,336,NA,5,NA,NA,NA
736,5,2,['2015-05-06'],359,479,479,field,9246,359,138,NA,NA,NA,NA
737,5,26,['2015-05-07'],60,103,60,field,94,103,7,NA,NA,NA,NA
738,5,33,['2015-05-08'],531,336,531,bat,2855,336,NA,6,NA,NA,NA
739,5,23,['2015-05-09'],69,479,479,bat,9394,69,NA,1,NA,NA,NA
740,5,7,['2015-05-09'],238,103,103,bat,7511,103,6,NA,NA,NA,NA
741,5,25,['2015-05-10'],336,359,359,bat,8304,359,39,NA,NA,NA,NA
742,5,33,['2015-05-10'],531,60,531,bat,2481,531,12,NA,NA,NA,NA
743,5,31,['2015-05-11'],103,479,103,bat,8038,103,5,NA,NA,NA,NA
744,5,7,['2015-05-12'],238,531,531,bat,3,238,NA,6,NA,NA,NA
745,5,3,['2015-05-13'],479,359,359,field,2801,479,22,NA,NA,NA,NA
746,5,25,['2015-05-14'],336,69,69,field,2855,336,5,NA,NA,NA,NA
747,5,31,['2015-05-15'],103,359,103,bat,2422,359,NA,6,NA,NA,NA
748,5,3,['2015-05-16'],479,531,479,bat,2604,531,NA,7,NA,NA,NA
749,5,26,['2015-05-16'],60,69,60,bat,8034,60,9,NA,NA,NA,NA
750,5,2,['2015-05-17'],359,238,359,field,NA,NA,NA,NA,NA,NA,NA
751,5,31,['2015-05-17'],103,336,103,bat,1917,336,NA,9,NA,NA,NA
752,5,25,['2015-05-19'],531,336,336,bat,9370,336,25,NA,NA,NA,NA
753,5,27,['2015-05-20'],359,60,359,bat,8304,359,71,NA,NA,NA,NA
754,5,14,['2015-05-22'],531,359,531,field,2603,531,NA,3,NA,NA,NA
755,5,23,['2015-05-24'],336,531,531,field,2818,336,41,NA,NA,NA,NA
756,5,25,['2016-04-09'],336,391,336,bat,2975,391,NA,9,NA,NA,NA
757,5,23,['2016-04-10'],69,238,69,field,9394,69,NA,9,NA,NA,NA
758,5,1,['2016-04-11'],479,329,329,field,7422,329,NA,5,NA,NA,NA
759,5,2,['2016-04-12'],359,103,103,field,8304,359,45,NA,NA,NA,NA
760,5,23,['2016-04-13'],69,336,336,field,2818,336,NA,6,NA,NA,NA
761,5,13,['2016-04-14'],329,391,391,bat,7422,329,NA,7,NA,NA,NA
762,5,1,['2016-04-15'],238,479,238,field,1586,238,NA,8,NA,NA,NA
763,5,31,['2016-04-16'],103,69,103,bat,2364,69,NA,8,NA,NA,NA
764,5,25,['2016-04-16'],336,329,329,field,7422,329,NA,3,NA,NA,NA
765,5,1,['2016-04-17'],479,391,391,bat,3016,479,NA,6,NA,NA,NA
766,5,2,['2016-04-17'],359,238,238,field,8310,238,NA,7,NA,NA,NA
767,5,31,['2016-04-18'],103,336,103,field,8038,103,NA,7,NA,NA,NA
768,5,1,['2016-04-19'],479,69,69,field,3009,69,NA,6,NA,NA,NA
769,5,25,['2016-04-20'],336,359,336,field,2818,336,NA,6,NA,NA,NA
770,5,13,['2016-04-21'],329,103,103,field,2139,103,NA,10,NA,NA,NA
771,5,27,['2016-04-22'],391,359,391,field,8304,359,13,NA,NA,NA,NA
772,5,1,['2016-04-23'],238,336,336,field,2926,238,10,NA,NA,NA,NA
773,5,31,['2016-04-23'],103,479,103,field,876,103,NA,5,NA,NA,NA
774,5,13,['2016-04-24'],329,359,359,bat,2422,329,NA,6,NA,NA,NA
775,5,27,['2016-04-24'],391,69,69,field,3291,69,NA,2,NA,NA,NA
776,5,1,['2016-04-25'],479,336,479,field,2783,336,25,NA,NA,NA,NA
777,5,31,['2016-04-26'],103,391,391,field,2226,391,34,NA,NA,NA,NA
778,5,1,['2016-04-27'],238,329,238,field,8501,329,1,NA,NA,NA,NA
779,5,25,['2016-04-28'],336,69,336,field,2818,336,NA,6,NA,NA,NA
780,5,27,['2016-04-29'],391,329,329,field,7917,329,NA,3,NA,NA,NA
781,5,1,['2016-04-30'],238,69,69,field,9132,238,27,NA,NA,NA,NA
782,5,31,['2016-04-30'],103,359,359,field,8038,103,15,NA,NA,NA,NA
783,5,13,['2016-05-01'],329,479,329,field,2801,479,23,NA,NA,NA,NA
784,5,27,['2016-05-01'],391,336,336,field,2818,336,NA,8,NA,NA,NA
785,5,2,['2016-05-02'],359,69,69,field,9394,69,NA,5,NA,NA,NA
786,5,13,['2016-05-03'],329,238,238,field,2852,238,NA,8,NA,NA,NA
787,5,23,['2016-05-04'],69,479,479,field,9394,69,7,NA,NA,NA,NA
788,5,1,['2016-05-05'],238,391,391,field,2975,391,NA,7,NA,NA,NA
789,5,31,['2016-05-06'],103,329,103,field,2139,103,NA,5,NA,NA,NA
790,5,2,['2016-05-07'],359,391,359,field,2422,359,NA,7,NA,NA,NA
791,5,1,['2016-05-07'],479,238,238,field,7861,479,9,NA,NA,NA,NA
792,5,6,['2016-05-08'],336,103,336,field,2603,103,85,NA,NA,NA,NA
793,5,23,['2016-05-08'],69,329,329,field,186,329,NA,5,NA,NA,NA
794,5,1,['2016-05-09'],479,359,479,field,8034,359,1,NA,NA,NA,NA
795,5,6,['2016-05-10'],391,103,103,bat,197,103,4,NA,NA,NA,NA
796,5,2,['2016-05-11'],359,336,336,field,2854,336,NA,6,NA,NA,NA
797,5,31,['2016-05-12'],103,238,238,field,8501,238,NA,7,NA,NA,NA
798,5,6,['2016-05-13'],336,479,336,bat,7861,479,NA,7,NA,NA,NA
799,5,2,['2016-05-14'],359,329,329,field,8304,359,144,NA,NA,NA,NA
800,5,23,['2016-05-14'],69,391,391,bat,2759,69,NA,8,NA,NA,NA
801,5,1,['2016-05-15'],479,103,479,bat,8127,103,NA,7,NA,NA,NA
802,5,6,['2016-05-15'],336,238,238,field,2854,336,80,NA,NA,NA,NA
803,5,23,['2016-05-16'],69,359,359,field,2422,359,NA,9,NA,NA,NA
804,5,6,['2016-05-17'],391,238,391,field,2226,391,19,NA,NA,NA,NA
805,5,2,['2016-05-18'],359,479,479,field,2422,359,82,NA,NA,NA,NA
806,5,22,['2016-05-19'],329,69,329,field,7917,329,NA,6,NA,NA,NA
807,5,7,['2016-05-20'],238,103,238,field,2620,238,NA,6,NA,NA,NA
808,5,6,['2016-05-21'],391,479,479,bat,2235,391,NA,4,NA,NA,NA
809,5,22,['2016-05-21'],329,336,329,field,2969,329,NA,6,NA,NA,NA
810,5,23,['2016-05-22'],69,103,103,field,2759,69,22,NA,NA,NA,NA
811,5,7,['2016-05-22'],238,359,359,field,2422,359,NA,6,NA,NA,NA
812,5,2,['2016-05-24'],329,359,359,field,8304,359,NA,4,NA,NA,NA
813,5,1,['2016-05-25'],103,69,69,field,7511,103,22,NA,NA,NA,NA
814,5,1,['2016-05-27'],329,103,103,field,8038,103,NA,4,NA,NA,NA
815,5,2,['2016-05-29'],359,103,103,bat,7256,103,8,NA,NA,NA,NA
