match_id,tournament_id,venue_id,match_date,team_1,team_2,toss_winner,toss_decision,batting_team,chasing_team,player_of_match,match_winner,match_win_by_runs,match_win_by_wickets,highlights_url,match_url,match_description
0,5,57,['2013-05-19'],471,330,471,bat,471,330,6935,471,38,NA,NA,NA,NA
1,5,43,['2015-04-15'],164,330,164,bat,164,330,2148,330,NA,5,NA,NA,NA
2,5,68,['2011-05-14'],182,150,182,field,150,182,9246,182,NA,4,NA,NA,NA
3,5,40,['2017-05-07'],164,526,526,field,164,526,9429,526,NA,6,NA,NA,NA
4,5,68,['2010-04-17'],182,90,182,field,90,182,8683,90,57,NA,NA,NA,NA
5,5,63,['2016-04-26'],72,550,550,field,72,550,2226,550,34,NA,NA,NA,NA
6,5,47,['2020-10-11'],72,169,72,bat,72,169,2997,169,NA,5,NA,NA,NA
7,5,40,['2012-04-18'],164,150,164,bat,164,150,2364,150,NA,8,NA,NA,NA
8,5,58,['2013-04-25'],599,72,72,bat,72,599,2235,599,NA,5,NA,NA,NA
9,5,67,['2011-04-10'],471,164,164,bat,164,471,3248,471,NA,7,NA,NA,NA
10,5,60,['2019-04-28'],150,90,90,field,150,90,9394,150,34,NA,NA,NA,NA
11,5,36,['2008-04-19'],330,169,169,bat,169,330,4640,330,NA,9,NA,NA,NA
12,5,66,['2014-05-19'],169,90,90,bat,90,169,7421,90,25,NA,NA,NA,NA
13,5,58,['2013-04-22'],599,169,169,bat,169,599,7421,599,NA,5,NA,NA,NA
14,5,53,['2020-10-06'],90,169,90,bat,90,169,3291,90,57,NA,NA,NA,NA
15,5,60,['2011-04-17'],150,169,150,field,169,150,2206,150,NA,8,NA,NA,NA
16,5,36,['2010-03-19'],330,599,330,bat,330,599,7529,599,NA,5,NA,NA,NA
17,5,63,['2019-05-12'],90,599,90,bat,90,599,2125,90,1,NA,NA,NA,NA
18,5,68,['2008-04-26'],182,169,169,field,182,169,8034,169,NA,7,NA,NA,NA
19,5,63,['2014-05-12'],72,90,72,bat,72,90,2864,90,NA,7,NA,NA,NA
20,5,43,['2015-04-18'],164,150,150,field,164,150,9394,150,NA,4,NA,NA,NA
21,5,47,['2020-10-20'],330,164,330,bat,330,164,2237,164,NA,5,NA,NA,NA
22,5,36,['2012-05-15'],330,164,164,bat,164,330,3286,330,NA,5,NA,NA,NA
23,5,36,['2013-05-22'],169,72,72,bat,72,169,7484,169,NA,4,NA,NA,NA
24,5,55,['2010-04-05'],145,169,169,bat,169,145,8039,169,2,NA,NA,NA,NA
25,5,68,['2017-04-27'],182,526,526,field,182,526,7959,526,NA,7,NA,NA,NA
26,5,46,['2008-05-31'],599,164,164,bat,164,599,8719,599,NA,9,NA,NA,NA
27,5,63,['2011-05-05'],145,330,330,field,145,330,2829,330,NA,4,NA,NA,NA
28,5,56,['2016-05-01'],526,164,526,field,164,526,2801,164,23,NA,NA,NA,NA
29,5,46,['2018-04-07'],90,599,599,field,90,599,9129,599,NA,1,NA,NA,NA
30,5,36,['2011-05-02'],330,372,372,field,330,372,2834,372,NA,7,NA,NA,NA
31,5,51,['2012-04-08'],169,150,150,field,169,150,7484,169,22,NA,NA,NA,NA
32,5,53,['2020-10-24'],150,330,330,field,150,330,3039,150,59,NA,NA,NA,NA
33,5,60,['2019-04-25'],150,169,169,field,150,169,2177,169,NA,3,NA,NA,NA
34,5,51,['2008-05-11'],169,330,169,field,330,169,8034,169,NA,3,NA,NA,NA
35,5,36,['2012-04-29'],330,169,330,bat,330,169,2829,330,1,NA,NA,NA,NA
36,5,62,['2009-05-11'],145,169,145,bat,145,169,9429,145,53,NA,NA,NA,NA
37,5,61,['2016-05-10'],550,72,72,bat,72,550,197,72,4,NA,NA,NA,NA
38,5,40,['2008-05-03'],164,150,164,bat,164,150,2760,164,9,NA,NA,NA,NA
39,5,43,['2015-04-10'],164,169,164,field,169,164,7439,169,26,NA,NA,NA,NA
40,5,60,['2012-05-05'],150,471,150,bat,150,471,9356,150,7,NA,NA,NA,NA
41,5,37,['2009-05-21'],182,145,182,bat,182,145,2870,182,12,NA,NA,NA,NA
42,5,60,['2018-05-15'],150,169,150,field,169,150,2405,150,NA,6,NA,NA,NA
43,5,43,['2018-04-20'],599,169,169,field,599,169,8034,599,64,NA,NA,NA,NA
44,5,58,['2019-04-09'],599,150,599,field,150,599,2287,599,NA,7,NA,NA,NA
45,5,42,['2018-05-06'],164,169,164,field,169,164,604,164,NA,6,NA,NA,NA
46,5,62,['2009-05-09'],145,164,164,field,145,164,4463,164,NA,3,NA,NA,NA
47,5,46,['2015-04-17'],90,599,90,bat,90,599,2603,599,NA,6,NA,NA,NA
48,5,63,['2012-05-18'],145,169,169,bat,169,145,8845,145,NA,5,NA,NA,NA
49,5,51,['2008-05-17'],169,182,182,field,169,182,8896,169,65,NA,NA,NA,NA
50,5,67,['2011-05-16'],471,145,145,field,471,145,2545,145,NA,6,NA,NA,NA
51,5,63,['2008-04-22'],145,330,145,bat,145,330,2829,330,NA,9,NA,NA,NA
52,5,53,['2014-04-16'],90,150,150,bat,150,90,8637,150,41,NA,NA,NA,NA
53,5,51,['2019-03-25'],169,164,169,field,164,169,9246,164,14,NA,NA,NA,NA
54,5,68,['2012-04-15'],182,169,169,bat,169,182,2975,169,59,NA,NA,NA,NA
55,5,60,['2015-05-09'],150,164,164,bat,164,150,9394,150,NA,1,NA,NA,NA
56,5,58,['2012-04-21'],599,169,169,bat,169,599,8260,599,NA,7,NA,NA,NA
57,5,58,['2019-05-07'],90,599,599,bat,599,90,3291,90,NA,6,NA,NA,NA
58,5,64,['2009-04-24'],182,164,182,bat,182,164,5311,164,NA,7,NA,NA,NA
59,5,39,['2015-05-07'],169,72,169,field,72,169,94,72,7,NA,NA,NA,NA
60,5,46,['2011-04-20'],90,471,471,bat,471,90,6406,90,NA,7,NA,NA,NA
61,5,68,['2016-05-02'],182,150,150,field,182,150,9394,150,NA,5,NA,NA,NA
62,5,64,['2009-04-29'],164,90,164,bat,164,90,4946,164,3,NA,NA,NA,NA
63,5,51,['2012-05-13'],169,471,169,bat,169,471,2279,169,45,NA,NA,NA,NA
64,5,60,['2008-05-25'],150,164,164,bat,164,150,4036,150,NA,3,NA,NA,NA
65,5,63,['2019-03-29'],72,169,169,bat,169,72,3949,72,NA,5,NA,NA,NA
66,5,63,['2014-05-20'],72,182,182,bat,182,72,8038,72,NA,7,NA,NA,NA
67,5,68,['2019-04-21'],182,599,599,field,182,599,2783,182,1,NA,NA,NA,NA
68,5,60,['2011-04-30'],150,164,150,field,164,150,2425,150,NA,8,NA,NA,NA
69,5,65,['2014-05-02'],599,150,599,bat,599,150,2481,599,34,NA,NA,NA,NA
70,5,40,['2010-04-02'],164,182,164,bat,164,182,6324,182,NA,6,NA,NA,NA
71,5,46,['2013-04-09'],90,330,90,bat,90,330,2485,90,44,NA,NA,NA,NA
72,5,44,['2020-10-15'],182,164,182,bat,182,164,2974,164,NA,8,NA,NA,NA
73,5,36,['2018-04-23'],330,164,330,field,164,330,2962,164,4,NA,NA,NA,NA
74,5,60,['2016-05-08'],150,526,526,field,150,526,186,526,NA,5,NA,NA,NA
75,5,51,['2018-05-19'],169,182,169,bat,169,182,2322,169,30,NA,NA,NA,NA
76,5,60,['2010-04-19'],150,90,90,bat,90,150,2484,150,NA,9,NA,NA,NA
77,5,60,['2017-04-13'],150,164,150,field,164,150,9356,150,NA,8,NA,NA,NA
78,5,40,['2008-05-28'],164,169,169,field,164,169,7653,164,41,NA,NA,NA,NA
79,5,46,['2011-05-20'],90,169,90,bat,90,169,8034,169,NA,10,NA,NA,NA
80,5,60,['2015-04-11'],150,182,182,field,150,182,9246,182,NA,3,NA,NA,NA
81,5,51,['2012-05-01'],169,330,169,bat,169,330,2604,330,NA,6,NA,NA,NA
82,5,63,['2013-05-08'],72,599,72,field,599,72,2969,599,77,NA,NA,NA,NA
83,5,60,['2013-04-03'],150,330,150,field,330,150,9356,150,NA,6,NA,NA,NA
84,5,36,['2018-05-12'],330,182,182,field,330,182,8304,182,NA,5,NA,NA,NA
85,5,60,['2016-05-04'],150,164,164,field,150,164,9394,150,7,NA,NA,NA,NA
86,5,60,['2017-04-23'],150,182,182,field,150,182,7283,150,82,NA,NA,NA,NA
87,5,51,['2013-05-05'],169,471,471,bat,471,169,2975,169,NA,5,NA,NA,NA
88,5,60,['2015-04-08'],150,90,150,field,90,150,8503,150,NA,7,NA,NA,NA
89,5,60,['2014-05-24'],150,72,150,field,72,150,2759,150,NA,4,NA,NA,NA
90,5,46,['2019-04-13'],90,169,169,field,90,169,5203,169,NA,4,NA,NA,NA
91,5,50,['2010-03-21'],145,330,145,bat,145,330,7844,145,10,NA,NA,NA,NA
92,5,38,['2017-05-10'],526,330,330,field,526,330,2413,330,NA,2,NA,NA,NA
93,5,60,['2011-04-22'],150,182,182,field,150,182,9246,182,NA,9,NA,NA,NA
94,5,42,['2018-05-04'],164,90,90,field,164,90,3291,90,NA,6,NA,NA,NA
95,5,44,['2020-09-27'],164,169,169,field,164,169,2926,169,NA,4,NA,NA,NA
96,5,63,['2019-04-06'],72,90,72,field,90,72,9283,90,40,NA,NA,NA,NA
97,5,46,['2012-04-06'],90,471,90,field,471,90,7901,471,28,NA,NA,NA,NA
98,5,36,['2013-04-12'],330,72,330,bat,330,72,2545,72,NA,3,NA,NA,NA
99,5,58,['2010-03-21'],599,164,599,field,164,599,8992,TIE,NA,NA,NA,NA,NA
100,5,46,['2017-05-11'],90,164,90,field,164,90,2954,164,7,NA,NA,NA,NA
101,5,36,['2011-04-23'],330,164,164,field,330,164,8038,330,29,NA,NA,NA,NA
102,5,58,['2015-04-25'],599,164,599,bat,599,164,1916,599,97,NA,NA,NA,NA
103,5,43,['2018-05-05'],599,182,599,field,182,599,2481,599,NA,6,NA,NA,NA
104,5,53,['2020-10-16'],150,90,150,bat,150,90,8310,90,NA,8,NA,NA,NA
105,5,68,['2019-04-07'],182,330,330,field,182,330,8933,330,NA,4,NA,NA,NA
106,5,66,['2014-05-08'],169,72,169,field,72,169,2401,72,32,NA,NA,NA,NA
107,5,51,['2012-04-06'],169,164,164,field,169,164,2975,169,31,NA,NA,NA,NA
108,5,46,['2013-04-13'],90,471,90,bat,90,471,2818,90,41,NA,NA,NA,NA
109,5,44,['2014-04-27'],72,599,72,bat,72,599,9429,599,NA,5,NA,NA,NA
110,5,40,['2019-04-13'],164,182,182,field,164,182,8304,182,NA,8,NA,NA,NA
111,5,63,['2016-04-23'],72,164,72,field,164,72,876,72,NA,5,NA,NA,NA
112,5,56,['2017-04-23'],526,164,526,field,164,526,8127,164,26,NA,NA,NA,NA
113,5,46,['2013-05-05'],90,599,90,bat,90,599,7608,90,60,NA,NA,NA,NA
114,5,68,['2013-04-04'],182,90,90,field,182,90,9246,182,2,NA,NA,NA,NA
115,5,42,['2018-05-12'],164,150,164,field,150,164,9356,150,31,NA,NA,NA,NA
116,5,36,['2010-04-18'],330,145,145,bat,145,330,7844,145,11,NA,NA,NA,NA
117,5,46,['2008-05-14'],90,599,90,field,599,90,4468,90,NA,9,NA,NA,NA
118,5,46,['2017-04-12'],90,72,90,field,72,90,2125,90,NA,4,NA,NA,NA
119,5,67,['2011-05-19'],471,150,150,field,471,150,2759,150,NA,7,NA,NA,NA
120,5,50,['2012-05-01'],145,471,145,bat,145,471,4946,145,13,NA,NA,NA,NA
121,5,46,['2013-05-07'],90,150,90,bat,90,150,2998,90,65,NA,NA,NA,NA
122,5,36,['2018-05-18'],330,599,599,field,330,599,2790,330,34,NA,NA,NA,NA
123,5,51,['2011-05-01'],169,471,169,field,471,169,2030,169,NA,6,NA,NA,NA
124,5,58,['2010-04-03'],599,169,599,bat,599,169,2563,599,23,NA,NA,NA,NA
125,5,40,['2013-04-10'],164,599,599,field,164,599,7421,599,NA,10,NA,NA,NA
126,5,47,['2020-11-01'],150,169,169,field,150,169,7261,150,60,NA,NA,NA,NA
127,5,46,['2018-04-24'],90,72,90,field,72,90,3949,72,31,NA,NA,NA,NA
128,5,68,['2015-04-22'],182,599,182,field,599,182,2969,599,27,NA,NA,NA,NA
129,5,68,['2019-03-28'],182,90,182,field,90,182,2125,90,6,NA,NA,NA,NA
130,5,63,['2017-04-05'],72,182,182,field,72,182,3273,72,35,NA,NA,NA,NA
131,5,63,['2016-04-18'],72,90,72,field,90,72,8038,72,NA,7,NA,NA,NA
132,5,51,['2019-04-22'],169,330,330,field,169,330,2852,330,NA,6,NA,NA,NA
133,5,53,['2014-04-26'],150,164,150,field,164,150,2919,164,23,NA,NA,NA,NA
134,5,58,['2012-05-12'],599,330,599,field,330,599,7498,599,NA,9,NA,NA,NA
135,5,68,['2008-05-03'],182,145,145,field,182,145,186,182,3,NA,NA,NA,NA
136,5,49,['2015-05-12'],330,599,599,bat,599,330,3,330,NA,6,NA,NA,NA
137,5,37,['2009-04-30'],145,330,330,field,145,330,7776,330,NA,6,NA,NA,NA
138,5,46,['2015-05-01'],90,169,169,field,90,169,2864,90,8,NA,NA,NA,NA
139,5,36,['2012-04-21'],330,471,330,field,471,330,2358,471,20,NA,NA,NA,NA
140,5,35,['2009-04-23'],150,169,150,field,169,150,2759,TIE,NA,NA,NA,NA,NA
141,5,60,['2011-04-20'],150,372,150,field,372,150,4463,372,6,NA,NA,NA,NA
142,5,44,['2014-04-17'],330,182,182,field,330,182,2288,182,NA,8,NA,NA,NA
143,5,46,['2012-04-16'],90,330,330,field,90,330,2636,330,NA,7,NA,NA,NA
144,5,64,['2009-04-21'],164,150,150,field,164,150,9246,150,11,NA,NA,NA,NA
145,5,40,['2016-04-17'],164,550,550,bat,550,164,3016,164,NA,6,NA,NA,NA
146,5,58,['2008-04-23'],599,90,90,field,599,90,7529,599,6,NA,NA,NA,NA
147,5,47,['2014-04-23'],169,599,169,field,599,169,2481,599,7,NA,NA,NA,NA
148,5,46,['2019-03-24'],90,330,90,field,330,90,2852,330,37,NA,NA,NA,NA
149,5,36,['2012-05-17'],330,182,330,field,182,330,9246,182,21,NA,NA,NA,NA
150,5,36,['2008-05-17'],330,164,330,bat,330,164,4463,164,6,NA,NA,NA,NA
151,5,42,['2011-05-15'],372,169,372,field,169,372,7484,372,NA,8,NA,NA,NA
152,5,46,['2015-05-19'],599,90,90,bat,90,599,9370,90,25,NA,NA,NA,NA
153,5,62,['2009-05-09'],599,169,169,bat,169,599,2209,599,NA,7,NA,NA,NA
154,5,43,['2016-04-24'],550,150,150,field,550,150,3291,150,NA,2,NA,NA,NA
155,5,40,['2018-04-19'],164,72,164,bat,164,72,9246,164,15,NA,NA,NA,NA
156,5,36,['2014-05-07'],330,150,330,bat,330,150,2364,150,NA,8,NA,NA,NA
157,5,46,['2019-04-10'],90,164,90,field,164,90,9370,90,NA,3,NA,NA,NA
158,5,36,['2016-05-27'],526,72,72,field,526,72,8038,72,NA,4,NA,NA,NA
159,5,63,['2018-05-07'],72,182,182,field,72,182,2049,72,5,NA,NA,NA,NA
160,5,68,['2016-05-11'],182,90,90,field,182,90,2854,90,NA,6,NA,NA,NA
161,5,37,['2009-05-22'],330,145,145,field,330,145,7504,145,NA,6,NA,NA,NA
162,5,42,['2018-05-14'],164,182,182,field,164,182,3286,182,NA,10,NA,NA,NA
163,5,63,['2008-05-25'],145,182,145,bat,145,182,3019,182,NA,5,NA,NA,NA
164,5,58,['2012-05-04'],599,145,599,bat,599,145,2969,599,10,NA,NA,NA,NA
165,5,37,['2009-05-12'],182,150,182,field,150,182,2030,182,NA,6,NA,NA,NA
166,5,61,['2016-05-17'],550,330,550,field,330,550,2226,550,19,NA,NA,NA,NA
167,5,65,['2015-05-22'],599,182,599,field,182,599,2603,599,NA,3,NA,NA,NA
168,5,63,['2008-05-11'],145,150,150,bat,150,145,2358,150,23,NA,NA,NA,NA
169,5,60,['2012-04-28'],150,182,150,bat,150,182,2364,150,47,NA,NA,NA,NA
170,5,58,['2019-04-26'],599,90,599,field,90,599,2818,90,46,NA,NA,NA,NA
171,5,63,['2011-05-03'],145,150,145,field,150,145,2759,150,20,NA,NA,NA,NA
172,5,66,['2015-04-24'],169,182,182,field,169,182,7878,182,NA,9,NA,NA,NA
173,5,38,['2016-05-19'],526,150,526,field,150,526,9429,526,NA,6,NA,NA,NA
174,5,36,['2014-05-10'],330,72,72,field,330,72,8845,72,NA,8,NA,NA,NA
175,5,57,['2012-04-08'],471,164,471,bat,471,164,9446,471,22,NA,NA,NA,NA
176,5,44,['2020-09-22'],169,599,599,field,169,599,2926,169,16,NA,NA,NA,NA
177,5,47,['2020-09-28'],182,90,90,field,182,90,8304,TIE,NA,NA,NA,NA,NA
178,5,60,['2012-05-14'],150,599,599,field,150,599,7421,599,NA,5,NA,NA,NA
179,5,36,['2013-05-21'],599,90,599,bat,599,90,7421,599,48,NA,NA,NA,NA
180,5,36,['2010-04-04'],330,182,330,bat,330,182,5546,330,37,NA,NA,NA,NA
181,5,46,['2008-05-30'],330,169,330,field,169,330,8034,169,105,NA,NA,NA,NA
182,5,43,['2017-04-26'],550,150,150,field,550,150,3009,150,NA,7,NA,NA,NA
183,5,41,['2011-05-05'],372,150,150,field,372,150,7484,372,17,NA,NA,NA,NA
184,5,60,['2016-04-10'],150,330,150,field,330,150,9394,150,NA,9,NA,NA,NA
185,5,58,['2008-04-26'],599,150,150,bat,150,599,1935,599,NA,9,NA,NA,NA
186,5,68,['2013-04-23'],182,471,471,field,182,471,9246,182,130,NA,NA,NA,NA
187,5,47,['2020-09-24'],164,182,182,field,164,182,2974,164,97,NA,NA,NA,NA
188,5,58,['2015-04-28'],599,150,150,field,599,150,9129,599,2,NA,NA,NA,NA
189,5,41,['2011-04-18'],372,599,372,field,599,372,1916,372,NA,7,NA,NA,NA
190,5,50,['2010-03-19'],145,164,164,field,145,164,7844,145,6,NA,NA,NA,NA
191,5,63,['2019-04-29'],72,164,164,field,72,164,8038,72,45,NA,NA,NA,NA
192,5,46,['2008-04-20'],90,182,90,bat,90,182,8084,182,NA,5,NA,NA,NA
193,5,63,['2016-04-16'],72,150,72,bat,72,150,2364,150,NA,8,NA,NA,NA
194,5,63,['2015-05-02'],72,599,599,field,72,599,8038,72,22,NA,NA,NA,NA
195,5,53,['2020-11-01'],164,599,599,field,164,599,2365,599,NA,9,NA,NA,NA
196,5,63,['2012-05-10'],145,330,145,bat,145,330,8038,330,NA,9,NA,NA,NA
197,5,60,['2013-04-26'],150,164,164,bat,164,150,8637,150,NA,6,NA,NA,NA
198,5,60,['2011-04-11'],150,145,150,bat,150,145,8637,150,9,NA,NA,NA,NA
199,5,46,['2014-05-25'],90,169,90,field,169,90,1674,90,NA,5,NA,NA,NA
200,5,45,['2013-05-18'],164,90,90,field,164,90,3049,164,50,NA,NA,NA,NA
201,5,42,['2011-05-13'],372,164,164,field,372,164,2485,164,NA,6,NA,NA,NA
202,5,68,['2017-05-07'],182,150,150,field,182,150,9356,150,NA,6,NA,NA,NA
203,5,45,['2010-04-16'],164,145,145,field,164,145,2818,145,NA,5,NA,NA,NA
204,5,43,['2016-04-29'],550,526,526,field,550,526,9429,526,NA,3,NA,NA,NA
205,5,64,['2009-05-05'],164,169,164,field,169,164,8896,169,78,NA,NA,NA,NA
206,5,63,['2011-04-09'],145,169,169,field,145,169,2982,169,NA,8,NA,NA,NA
207,5,57,['2012-05-19'],471,150,150,bat,150,471,974,150,34,NA,NA,NA,NA
208,5,60,['2008-05-18'],150,599,150,bat,150,599,8719,599,3,NA,NA,NA,NA
209,5,36,['2019-05-04'],330,169,169,bat,169,330,2545,330,NA,5,NA,NA,NA
210,5,57,['2012-04-14'],471,599,599,bat,599,471,1966,471,NA,7,NA,NA,NA
211,5,35,['2009-04-18'],599,90,599,field,90,599,2998,90,19,NA,NA,NA,NA
212,5,63,['2011-04-14'],145,182,182,field,145,182,8845,145,33,NA,NA,NA,NA
213,5,58,['2015-05-10'],599,169,599,bat,599,169,2481,599,12,NA,NA,NA,NA
214,5,36,['2008-04-30'],330,182,182,field,330,182,7731,330,10,NA,NA,NA,NA
215,5,53,['2020-11-08'],330,72,330,bat,330,72,7861,330,17,NA,NA,NA,NA
216,5,46,['2012-04-22'],90,164,90,bat,90,164,7653,164,NA,6,NA,NA,NA
217,5,60,['2015-05-04'],150,72,72,field,150,72,3286,150,35,NA,NA,NA,NA
218,5,52,['2009-04-27'],150,90,90,bat,90,150,2998,90,92,NA,NA,NA,NA
219,5,48,['2009-05-02'],599,330,330,field,599,330,2459,599,18,NA,NA,NA,NA
220,5,36,['2015-04-20'],330,150,150,field,330,150,3286,150,NA,6,NA,NA,NA
221,5,60,['2012-05-12'],150,90,90,bat,90,150,2818,90,27,NA,NA,NA,NA
222,5,58,['2008-05-24'],599,169,169,bat,169,599,8504,169,10,NA,NA,NA,NA
223,5,51,['2011-05-09'],169,599,169,field,599,169,2563,599,63,NA,NA,NA,NA
224,5,63,['2017-04-09'],72,526,72,field,526,72,3949,72,NA,9,NA,NA,NA
225,5,60,['2014-05-22'],150,182,182,field,150,182,3009,150,30,NA,NA,NA,NA
226,5,36,['2019-03-30'],330,150,330,field,150,330,2728,TIE,NA,NA,NA,NA,NA
227,5,36,['2019-04-20'],330,164,330,field,164,330,2413,330,NA,5,NA,NA,NA
228,5,68,['2014-05-04'],182,72,182,field,72,182,8304,182,NA,4,NA,NA,NA
229,5,67,['2010-03-28'],145,90,145,field,90,145,2391,90,41,NA,NA,NA,NA
230,5,63,['2017-05-21'],90,550,90,bat,90,550,2854,90,1,NA,NA,NA,NA
231,5,68,['2011-04-29'],182,471,471,field,182,471,2422,182,26,NA,NA,NA,NA
232,5,68,['2018-04-25'],182,599,599,field,182,599,2235,599,NA,5,NA,NA,NA
233,5,58,['2012-04-12'],599,182,182,bat,182,599,8260,599,NA,5,NA,NA,NA
234,5,63,['2013-04-05'],72,471,471,field,72,471,2545,72,22,NA,NA,NA,NA
235,5,53,['2020-10-30'],164,169,169,field,164,169,6482,169,NA,7,NA,NA,NA
236,5,36,['2018-05-20'],330,90,330,bat,330,90,2545,330,11,NA,NA,NA,NA
237,5,61,['2016-05-08'],90,72,90,field,72,90,2603,72,85,NA,NA,NA,NA
238,5,36,['2011-05-21'],330,471,330,bat,330,471,NA,NA,NA,NA,NA,NA,NA
239,5,68,['2017-04-16'],182,550,182,field,550,182,6482,550,27,NA,NA,NA,NA
240,5,65,['2013-05-12'],150,182,150,field,182,150,8637,150,NA,5,NA,NA,NA
241,5,36,['2015-04-12'],330,169,169,field,330,169,2373,169,NA,3,NA,NA,NA
242,5,36,['2016-05-05'],330,550,550,field,330,550,2975,550,NA,7,NA,NA,NA
243,5,51,['2018-05-11'],169,599,599,bat,599,169,5203,169,NA,4,NA,NA,NA
244,5,36,['2008-05-08'],330,599,599,field,330,599,2235,599,NA,4,NA,NA,NA
245,5,63,['2017-04-19'],72,330,72,bat,72,330,2049,72,15,NA,NA,NA,NA
246,5,63,['2012-05-08'],145,164,145,field,164,145,2571,164,25,NA,NA,NA,NA
247,5,58,['2013-05-02'],599,164,599,bat,599,164,2969,599,15,NA,NA,NA,NA
248,5,46,['2014-05-23'],90,330,330,field,90,330,7421,90,15,NA,NA,NA,NA
249,5,60,['2019-04-14'],150,599,599,field,150,599,8473,599,NA,5,NA,NA,NA
250,5,63,['2011-04-24'],145,90,145,field,90,145,4634,90,37,NA,NA,NA,NA
251,5,36,['2017-05-14'],330,182,182,bat,182,330,2790,182,10,NA,NA,NA,NA
252,5,66,['2010-03-26'],169,145,145,bat,145,169,2759,169,NA,8,NA,NA,NA
253,5,44,['2020-10-23'],599,90,90,field,599,90,1698,90,NA,10,NA,NA,NA
254,5,40,['2013-04-16'],164,150,150,field,164,150,2325,164,4,NA,NA,NA,NA
255,5,36,['2018-05-02'],330,169,169,field,330,169,2852,330,4,NA,NA,NA,NA
256,5,60,['2015-04-30'],150,599,150,field,599,150,9394,150,NA,7,NA,NA,NA
257,5,68,['2012-05-23'],599,90,90,field,599,90,2235,599,38,NA,NA,NA,NA
258,5,65,['2013-05-15'],150,471,150,field,471,150,2870,471,7,NA,NA,NA,NA
259,5,55,['2010-04-12'],145,182,182,field,145,182,1628,145,13,NA,NA,NA,NA
260,5,58,['2008-05-21'],599,182,182,bat,182,599,2395,182,14,NA,NA,NA,NA
261,5,60,['2017-05-03'],150,550,550,field,150,550,2983,550,NA,4,NA,NA,NA
262,5,58,['2011-05-12'],599,330,599,bat,599,330,2235,599,18,NA,NA,NA,NA
263,5,36,['2016-04-27'],330,526,330,field,526,330,8501,526,1,NA,NA,NA,NA
264,5,53,['2020-10-07'],150,599,150,bat,150,599,2983,150,10,NA,NA,NA,NA
265,5,51,['2013-04-29'],169,182,169,field,182,169,2926,169,NA,4,NA,NA,NA
266,5,51,['2011-04-12'],169,330,330,bat,330,169,8039,169,NA,6,NA,NA,NA
267,5,67,['2010-03-12'],145,150,145,field,150,145,4624,150,11,NA,NA,NA,NA
268,5,68,['2008-04-18'],182,150,182,field,150,182,1916,150,140,NA,NA,NA,NA
269,5,68,['2019-04-30'],182,169,169,field,182,169,NA,NA,NA,NA,NA,NA,NA
270,5,66,['2014-05-15'],169,330,330,field,169,330,2975,169,62,NA,NA,NA,NA
271,5,36,['2013-04-18'],330,599,599,bat,599,330,7421,599,86,NA,NA,NA,NA
272,5,47,['2020-10-18'],90,164,90,bat,90,164,2974,TIE,NA,NA,NA,NA,NA
273,5,58,['2010-03-14'],599,145,145,bat,145,599,5055,145,31,NA,NA,NA,NA
274,5,63,['2011-04-16'],145,164,164,field,145,164,3041,164,NA,8,NA,NA,NA
275,5,67,['2008-04-27'],90,145,145,field,90,145,7504,145,NA,10,NA,NA,NA
276,5,63,['2014-05-14'],72,164,164,field,72,164,2954,164,NA,6,NA,NA,NA
277,5,44,['2020-10-12'],182,150,182,bat,182,150,8304,182,82,NA,NA,NA,NA
278,5,66,['2015-04-19'],169,599,599,bat,599,169,2975,169,NA,8,NA,NA,NA
279,5,60,['2011-05-07'],150,599,599,bat,599,150,2425,150,10,NA,NA,NA,NA
280,5,63,['2017-04-30'],72,150,150,field,72,150,8038,72,48,NA,NA,NA,NA
281,5,55,['2010-04-10'],145,599,599,bat,599,145,7544,145,NA,6,NA,NA,NA
282,5,58,['2012-05-25'],330,599,330,field,599,330,2563,599,86,NA,NA,NA,NA
283,5,63,['2016-04-30'],72,182,182,field,72,182,8038,72,15,NA,NA,NA,NA
284,5,63,['2018-04-12'],72,90,72,field,90,72,3949,72,NA,1,NA,NA,NA
285,5,61,['2012-04-09'],145,90,145,bat,145,90,2818,90,NA,5,NA,NA,NA
286,5,51,['2018-04-29'],169,72,72,bat,72,169,2049,72,11,NA,NA,NA,NA
287,5,51,['2019-04-02'],169,182,169,field,182,169,2322,169,NA,7,NA,NA,NA
288,5,58,['2008-05-10'],599,164,164,field,599,164,2206,599,18,NA,NA,NA,NA
289,5,46,['2011-05-25'],90,150,90,field,150,90,6406,90,NA,4,NA,NA,NA
290,5,68,['2015-04-13'],182,72,72,field,182,72,8038,72,NA,8,NA,NA,NA
291,5,58,['2012-04-28'],599,164,164,bat,164,599,2571,164,7,NA,NA,NA,NA
292,5,59,['2009-05-15'],330,164,164,field,330,164,7727,164,NA,6,NA,NA,NA
293,5,60,['2018-05-25'],150,72,150,field,72,150,3949,72,14,NA,NA,NA,NA
294,5,51,['2008-05-04'],169,599,599,bat,599,169,3792,169,NA,8,NA,NA,NA
295,5,46,['2012-05-06'],90,599,90,field,599,90,9429,90,NA,2,NA,NA,NA
296,5,59,['2009-05-17'],330,169,330,bat,330,169,8304,330,14,NA,NA,NA,NA
297,5,68,['2016-05-07'],182,550,182,field,550,182,2422,182,NA,7,NA,NA,NA
298,5,67,['2011-04-27'],471,599,471,bat,471,599,7221,599,NA,8,NA,NA,NA
299,5,68,['2018-04-15'],182,169,182,field,169,182,2926,169,19,NA,NA,NA,NA
300,5,63,['2019-04-17'],72,599,599,bat,599,72,8038,72,NA,6,NA,NA,NA
301,5,36,['2019-04-18'],330,90,90,bat,90,330,2855,90,40,NA,NA,NA,NA
302,5,41,['2011-04-27'],372,145,372,field,145,372,2753,145,55,NA,NA,NA,NA
303,5,60,['2018-04-14'],150,72,72,field,150,72,7880,72,NA,5,NA,NA,NA
304,5,40,['2015-04-27'],164,72,164,field,72,164,1698,72,20,NA,NA,NA,NA
305,5,49,['2016-05-22'],330,182,182,field,330,182,2422,182,NA,6,NA,NA,NA
306,5,46,['2014-05-06'],90,182,182,field,90,182,2818,90,19,NA,NA,NA,NA
307,5,37,['2009-05-18'],599,150,599,bat,599,150,7484,150,NA,7,NA,NA,NA
308,5,68,['2016-05-14'],182,526,526,field,182,526,8304,182,144,NA,NA,NA,NA
309,5,67,['2008-05-04'],90,330,330,field,90,330,8782,90,29,NA,NA,NA,NA
310,5,40,['2012-05-05'],164,169,169,bat,169,164,8034,169,43,NA,NA,NA,NA
311,5,40,['2016-05-15'],164,72,164,bat,164,72,8127,72,NA,7,NA,NA,NA
312,5,52,['2009-05-16'],599,90,90,bat,90,599,7529,599,NA,7,NA,NA,NA
313,5,60,['2018-05-23'],150,169,169,field,150,169,9394,150,25,NA,NA,NA,NA
314,5,68,['2008-05-28'],182,90,90,field,182,90,4354,90,NA,9,NA,NA,NA
315,5,46,['2011-05-24'],182,599,599,field,182,599,2969,599,NA,6,NA,NA,NA
316,5,36,['2012-04-27'],330,90,90,field,330,90,2829,330,37,NA,NA,NA,NA
317,5,40,['2019-04-01'],164,330,330,field,164,330,5420,164,14,NA,NA,NA,NA
318,5,56,['2016-04-21'],526,72,72,field,526,72,2401,72,NA,10,NA,NA,NA
319,5,51,['2018-04-11'],169,330,330,field,169,330,2926,169,10,NA,NA,NA,NA
320,5,46,['2014-05-10'],90,599,599,field,90,599,9429,599,NA,4,NA,NA,NA
321,5,68,['2012-04-10'],182,150,182,field,150,182,2206,150,42,NA,NA,NA,NA
322,5,68,['2018-04-29'],182,150,150,field,182,150,7672,150,NA,6,NA,NA,NA
323,5,38,['2016-05-21'],526,90,526,field,90,526,2969,526,NA,6,NA,NA,NA
324,5,53,['2020-10-25'],90,169,90,bat,90,169,6482,169,NA,8,NA,NA,NA
325,5,68,['2011-05-06'],182,164,164,field,182,164,9246,182,85,NA,NA,NA,NA
326,5,40,['2017-04-30'],164,330,164,field,330,164,2919,164,NA,10,NA,NA,NA
327,5,40,['2010-04-09'],164,90,90,bat,90,164,4946,164,NA,6,NA,NA,NA
328,5,58,['2012-05-27'],150,599,599,bat,599,150,2154,150,NA,5,NA,NA,NA
329,5,40,['2016-04-11'],164,526,526,field,164,526,7422,526,NA,5,NA,NA,NA
330,5,40,['2008-04-27'],164,330,330,bat,330,164,7713,164,NA,4,NA,NA,NA
331,5,68,['2015-04-29'],182,169,169,field,182,169,NA,NA,NA,NA,NA,NA,NA
332,5,40,['2012-04-25'],164,90,164,bat,164,90,2864,90,NA,4,NA,NA,NA
333,5,63,['2013-04-19'],72,164,164,bat,164,72,3028,72,NA,5,NA,NA,NA
334,5,47,['2020-10-02'],72,599,72,bat,72,599,2354,72,7,NA,NA,NA,NA
335,5,66,['2010-03-15'],169,330,330,field,169,330,2829,330,NA,6,NA,NA,NA
336,5,67,['2011-04-17'],471,330,330,field,471,330,3273,330,NA,3,NA,NA,NA
337,5,40,['2008-04-19'],164,599,599,bat,599,164,7421,599,33,NA,NA,NA,NA
338,5,36,['2016-04-15'],330,164,330,field,164,330,2545,330,NA,8,NA,NA,NA
339,5,58,['2019-05-01'],599,330,330,field,599,330,2235,599,80,NA,NA,NA,NA
340,5,44,['2020-10-09'],330,169,169,field,330,169,2079,330,46,NA,NA,NA,NA
341,5,46,['2013-04-29'],90,164,90,bat,90,164,2818,90,4,NA,NA,NA,NA
342,5,40,['2015-05-03'],164,90,90,bat,90,164,9435,90,23,NA,NA,NA,NA
343,5,68,['2011-04-12'],182,90,90,field,182,90,2998,90,NA,9,NA,NA,NA
344,5,39,['2010-03-13'],90,169,90,bat,90,169,2759,90,4,NA,NA,NA,NA
345,5,46,['2014-05-30'],599,164,599,field,164,599,2829,164,24,NA,NA,NA,NA
346,5,57,['2012-05-22'],330,150,150,bat,150,330,2759,150,18,NA,NA,NA,NA
347,5,46,['2013-05-13'],90,72,72,bat,72,90,9370,90,NA,7,NA,NA,NA
348,5,51,['2010-04-11'],169,90,169,field,90,169,2998,90,37,NA,NA,NA,NA
349,5,36,['2017-05-02'],330,72,330,field,72,330,2535,330,NA,6,NA,NA,NA
350,5,46,['2008-05-21'],90,164,90,field,164,90,7653,164,1,NA,NA,NA,NA
351,5,51,['2011-05-11'],169,182,182,field,169,182,2097,182,NA,9,NA,NA,NA
352,5,51,['2011-04-24'],169,372,169,field,372,169,8039,169,NA,8,NA,NA,NA
353,5,46,['2017-05-16'],90,550,90,field,550,90,3239,550,20,NA,NA,NA,NA
354,5,40,['2010-03-27'],164,150,150,bat,150,164,2986,150,39,NA,NA,NA,NA
355,5,44,['2020-10-26'],150,164,164,field,150,164,9246,164,NA,8,NA,NA,NA
356,5,58,['2019-04-06'],599,164,599,bat,599,164,2391,599,22,NA,NA,NA,NA
357,5,68,['2013-04-16'],182,330,182,field,330,182,2422,TIE,NA,NA,NA,NA,NA
358,5,60,['2018-05-03'],150,599,150,field,599,150,9356,150,NA,6,NA,NA,NA
359,5,68,['2019-04-05'],182,150,150,field,182,150,9394,150,NA,5,NA,NA,NA
360,5,36,['2016-04-23'],330,90,90,field,330,90,2926,330,10,NA,NA,NA,NA
361,5,47,['2014-04-30'],90,72,90,field,72,90,2401,72,15,NA,NA,NA,NA
362,5,63,['2019-04-14'],72,330,72,field,330,72,9383,330,39,NA,NA,NA,NA
363,5,56,['2017-04-18'],526,182,526,field,182,526,9246,182,21,NA,NA,NA,NA
364,5,67,['2008-05-07'],90,169,90,field,169,90,2603,90,NA,7,NA,NA,NA
365,5,57,['2012-05-08'],471,169,471,bat,471,169,8034,169,NA,7,NA,NA,NA
366,5,49,['2013-05-01'],330,150,150,bat,150,330,8038,330,NA,7,NA,NA,NA
367,5,36,['2018-05-10'],330,72,330,bat,330,72,2237,72,NA,9,NA,NA,NA
368,5,45,['2011-05-21'],164,145,164,field,145,164,2237,145,82,NA,NA,NA,NA
369,5,46,['2017-04-16'],90,526,90,field,526,90,2938,90,NA,6,NA,NA,NA
370,5,40,['2013-05-11'],164,72,164,field,72,164,2783,72,30,NA,NA,NA,NA
371,5,63,['2018-05-19'],72,150,72,bat,72,150,7672,150,NA,5,NA,NA,NA
372,5,36,['2010-03-29'],330,150,330,bat,330,150,8038,330,40,NA,NA,NA,NA
373,5,41,['2011-04-30'],372,330,330,bat,330,372,2829,330,38,NA,NA,NA,NA
374,5,61,['2015-04-22'],72,150,150,field,72,150,8038,72,16,NA,NA,NA,NA
375,5,63,['2018-04-26'],72,164,164,field,72,164,2962,72,13,NA,NA,NA,NA
376,5,40,['2012-04-12'],164,471,164,field,471,164,292,164,NA,7,NA,NA,NA
377,5,36,['2013-04-06'],330,169,169,bat,169,330,2221,169,5,NA,NA,NA,NA
378,5,47,['2020-10-29'],150,599,599,field,150,599,2365,599,NA,6,NA,NA,NA
379,5,68,['2014-05-11'],182,169,182,bat,182,169,7439,169,NA,5,NA,NA,NA
380,5,46,['2017-04-09'],90,150,90,field,150,90,2938,90,NA,4,NA,NA,NA
381,5,40,['2019-03-30'],164,90,164,field,90,164,2148,164,NA,8,NA,NA,NA
382,5,63,['2019-04-21'],72,150,72,field,150,72,2136,72,NA,9,NA,NA,NA
383,5,47,['2014-04-25'],72,330,72,bat,72,330,7422,72,4,NA,NA,NA,NA
384,5,40,['2016-04-19'],164,150,150,field,164,150,3009,150,NA,6,NA,NA,NA
385,5,57,['2012-05-11'],471,182,471,field,182,471,9246,182,35,NA,NA,NA,NA
386,5,36,['2008-05-24'],330,90,330,field,90,330,2485,330,NA,5,NA,NA,NA
387,5,40,['2011-05-08'],164,471,164,bat,164,471,1627,471,NA,5,NA,NA,NA
388,5,63,['2015-05-15'],72,182,72,bat,72,182,2422,182,NA,6,NA,NA,NA
389,5,52,['2009-05-03'],164,150,150,bat,150,164,4463,164,NA,6,NA,NA,NA
390,5,50,['2012-04-22'],145,150,150,field,145,150,7727,150,NA,5,NA,NA,NA
391,5,64,['2009-04-27'],599,145,145,field,599,145,8404,145,NA,6,NA,NA,NA
392,5,63,['2008-05-01'],145,164,164,field,145,164,7653,164,NA,7,NA,NA,NA
393,5,60,['2016-04-13'],150,90,90,field,150,90,2818,90,NA,6,NA,NA,NA
394,5,47,['2014-04-19'],182,90,182,field,90,182,2783,182,NA,7,NA,NA,NA
395,5,47,['2020-11-10'],330,90,330,bat,330,90,1698,90,NA,5,NA,NA,NA
396,5,58,['2015-05-04'],599,182,599,bat,599,182,2969,599,24,NA,NA,NA,NA
397,5,60,['2012-04-15'],150,164,150,field,164,150,9356,164,2,NA,NA,NA,NA
398,5,51,['2011-04-15'],169,150,150,field,169,150,2364,150,NA,9,NA,NA,NA
399,5,68,['2019-05-04'],182,72,182,field,72,182,9269,182,NA,4,NA,NA,NA
400,5,44,['2014-04-20'],169,164,164,field,169,164,7624,164,NA,7,NA,NA,NA
401,5,53,['2020-11-06'],182,72,72,field,182,72,2049,72,NA,6,NA,NA,NA
402,5,45,['2012-05-19'],164,330,330,field,164,330,3286,330,NA,6,NA,NA,NA
403,5,63,['2008-05-18'],145,90,145,field,90,145,9129,90,25,NA,NA,NA,NA
404,5,39,['2015-05-16'],169,150,169,bat,169,150,8034,169,9,NA,NA,NA,NA
405,5,64,['2009-05-05'],330,150,150,bat,150,330,2364,330,NA,9,NA,NA,NA
406,5,58,['2011-04-08'],599,150,599,bat,599,150,2107,599,2,NA,NA,NA,NA
407,5,43,['2018-04-30'],599,330,330,field,599,330,8034,599,13,NA,NA,NA,NA
408,5,53,['2020-10-10'],150,164,150,bat,150,164,2485,150,2,NA,NA,NA,NA
409,5,51,['2013-04-14'],169,164,169,field,164,169,7439,169,NA,6,NA,NA,NA
410,5,40,['2010-03-24'],164,169,164,field,169,164,8012,169,31,NA,NA,NA,NA
411,5,58,['2011-04-25'],599,471,471,field,599,471,7421,599,25,NA,NA,NA,NA
412,5,60,['2017-05-13'],150,90,150,field,90,150,2864,90,9,NA,NA,NA,NA
413,5,46,['2019-04-15'],90,182,90,field,182,90,4634,90,NA,5,NA,NA,NA
414,5,40,['2014-05-23'],164,169,169,field,164,169,7653,164,16,NA,NA,NA,NA
415,5,36,['2019-04-04'],330,72,72,field,330,72,5482,72,NA,5,NA,NA,NA
416,5,60,['2013-05-03'],150,169,169,bat,169,150,2759,150,NA,8,NA,NA,NA
417,5,60,['2017-04-21'],150,526,526,field,150,526,2969,526,NA,4,NA,NA,NA
418,5,58,['2011-05-28'],599,182,599,bat,599,182,2563,599,58,NA,NA,NA,NA
419,5,63,['2016-05-06'],72,526,72,field,526,72,2401,72,NA,5,NA,NA,NA
420,5,60,['2018-05-09'],150,90,150,field,90,150,2419,90,102,NA,NA,NA,NA
421,5,46,['2015-04-12'],90,164,90,field,164,90,7271,164,18,NA,NA,NA,NA
422,5,57,['2013-05-11'],471,90,471,bat,471,90,7608,90,NA,5,NA,NA,NA
423,5,67,['2010-04-25'],599,90,599,bat,599,90,2969,599,22,NA,NA,NA,NA
424,5,60,['2011-05-22'],150,90,90,field,150,90,1775,90,NA,5,NA,NA,NA
425,5,36,['2017-04-15'],330,164,330,bat,330,164,1674,330,51,NA,NA,NA,NA
426,5,46,['2018-05-22'],72,599,599,field,72,599,8260,599,NA,2,NA,NA,NA
427,5,40,['2016-05-07'],164,330,330,field,164,330,7861,164,9,NA,NA,NA,NA
428,5,48,['2009-05-16'],145,150,145,field,150,145,2818,145,NA,6,NA,NA,NA
429,5,58,['2013-04-06'],599,90,90,bat,90,599,9370,90,9,NA,NA,NA,NA
430,5,47,['2020-10-31'],330,90,90,field,330,90,2419,90,NA,9,NA,NA,NA
431,5,36,['2018-04-27'],330,150,150,field,330,150,2413,330,55,NA,NA,NA,NA
432,5,36,['2011-04-28'],330,150,330,field,150,330,2986,150,17,NA,NA,NA,NA
433,5,46,['2018-04-14'],90,330,330,field,90,330,6562,330,NA,7,NA,NA,NA
434,5,36,['2014-05-03'],330,169,169,field,330,169,2620,169,NA,7,NA,NA,NA
435,5,39,['2010-03-30'],90,164,90,field,164,90,4634,90,NA,4,NA,NA,NA
436,5,60,['2019-04-19'],150,182,150,field,182,150,2422,182,10,NA,NA,NA,NA
437,5,58,['2019-03-31'],599,169,169,field,599,169,2235,599,8,NA,NA,NA,NA
438,5,42,['2017-04-08'],164,550,164,field,550,164,7624,164,NA,6,NA,NA,NA
439,5,40,['2014-05-21'],164,90,90,field,164,90,9435,90,NA,7,NA,NA,NA
440,5,43,['2017-05-01'],550,526,550,field,526,550,6482,550,NA,5,NA,NA,NA
441,5,40,['2008-05-23'],164,145,164,field,145,164,7653,164,NA,6,NA,NA,NA
442,5,36,['2010-04-11'],330,164,330,bat,330,164,2258,164,NA,7,NA,NA,NA
443,5,51,['2012-05-10'],169,599,599,field,169,599,7498,599,NA,4,NA,NA,NA
444,5,64,['2009-05-01'],182,164,182,bat,182,164,3273,182,8,NA,NA,NA,NA
445,5,35,['2009-04-26'],164,169,164,bat,164,169,4946,164,27,NA,NA,NA,NA
446,5,46,['2015-05-05'],90,330,330,bat,330,90,2391,90,NA,5,NA,NA,NA
447,5,47,['2020-10-05'],330,182,182,field,330,182,2801,330,59,NA,NA,NA,NA
448,5,51,['2012-04-23'],169,182,169,field,182,169,8304,182,46,NA,NA,NA,NA
449,5,50,['2014-05-14'],150,90,150,field,90,150,3009,150,NA,6,NA,NA,NA
450,5,46,['2015-05-10'],90,182,182,bat,182,90,8304,182,39,NA,NA,NA,NA
451,5,35,['2009-04-19'],330,164,330,field,164,330,2037,330,NA,10,NA,NA,NA
452,5,40,['2010-03-13'],164,330,330,field,164,330,2364,330,NA,5,NA,NA,NA
453,5,60,['2012-04-13'],150,169,169,bat,169,150,974,150,NA,5,NA,NA,NA
454,5,57,['2013-04-30'],471,599,599,bat,599,471,2235,599,37,NA,NA,NA,NA
455,5,60,['2008-05-20'],150,169,169,field,150,169,2759,169,NA,6,NA,NA,NA
456,5,51,['2012-05-20'],169,90,169,bat,169,90,9429,90,NA,10,NA,NA,NA
457,5,37,['2009-05-06'],145,90,145,bat,145,90,2818,145,19,NA,NA,NA,NA
458,5,57,['2013-04-17'],471,72,471,field,72,471,2545,72,11,NA,NA,NA,NA
459,5,68,"['2017-05-17,2017-05-18']",72,150,150,field,72,150,7283,150,NA,7,NA,NA,NA
460,5,60,['2018-04-16'],150,330,330,field,150,330,2938,150,71,NA,NA,NA,NA
461,5,68,['2010-03-25'],182,330,182,field,330,182,2475,330,17,NA,NA,NA,NA
462,5,48,['2009-05-19'],182,330,330,bat,330,182,8637,182,NA,7,NA,NA,NA
463,5,36,['2012-05-07'],330,150,330,bat,330,150,8637,150,NA,6,NA,NA,NA
464,5,58,['2008-05-06'],599,145,145,field,599,145,7504,145,NA,7,NA,NA,NA
465,5,64,['2009-05-14'],182,599,599,bat,599,182,2030,182,NA,2,NA,NA,NA
466,5,57,['2012-04-26'],471,145,145,bat,145,471,8022,145,18,NA,NA,NA,NA
467,5,36,['2013-04-23'],330,164,164,field,330,164,1628,164,NA,5,NA,NA,NA
468,5,63,['2017-04-17'],72,164,164,field,72,164,2401,72,5,NA,NA,NA,NA
469,5,51,['2008-05-09'],169,145,169,field,145,169,2759,169,NA,8,NA,NA,NA
470,5,65,['2014-05-22'],599,72,72,field,599,72,8038,72,NA,6,NA,NA,NA
471,5,42,['2017-04-10'],164,182,182,bat,182,164,2801,164,NA,8,NA,NA,NA
472,5,47,['2020-09-25'],330,599,599,field,330,599,2728,330,44,NA,NA,NA,NA
473,5,47,['2020-09-20'],330,164,164,field,330,164,7861,TIE,NA,NA,NA,NA,NA
474,5,36,['2012-04-10'],330,599,330,field,599,330,8503,330,NA,8,NA,NA,NA
475,5,66,['2014-05-05'],169,150,150,field,169,150,3006,169,10,NA,NA,NA,NA
476,5,58,['2018-04-10'],599,150,599,field,150,599,5344,599,NA,5,NA,NA,NA
477,5,48,['2009-05-03'],182,90,90,bat,90,182,8637,182,NA,9,NA,NA,NA
478,5,36,['2016-04-30'],330,150,150,field,330,150,9132,330,27,NA,NA,NA,NA
479,5,68,['2010-04-08'],182,145,145,field,182,145,2642,145,NA,7,NA,NA,NA
480,5,68,['2011-05-08'],182,372,372,bat,372,182,9246,182,NA,9,NA,NA,NA
481,5,56,['2017-04-29'],526,90,526,bat,526,90,2854,TIE,NA,NA,NA,NA,NA
482,5,68,['2015-04-19'],182,90,182,field,90,182,2391,90,18,NA,NA,NA,NA
483,5,47,['2020-10-08'],72,164,72,bat,72,164,5482,72,69,NA,NA,NA,NA
484,5,68,['2014-05-13'],182,330,330,field,182,330,3273,182,16,NA,NA,NA,NA
485,5,68,['2008-04-28'],182,599,599,bat,599,182,2235,599,13,NA,NA,NA,NA
486,5,40,['2019-05-05'],164,599,164,field,599,164,2974,164,NA,6,NA,NA,NA
487,5,46,['2011-04-15'],90,372,372,field,90,372,1916,372,NA,8,NA,NA,NA
488,5,64,['2009-04-29'],182,150,150,bat,150,182,8084,182,NA,5,NA,NA,NA
489,5,68,['2010-03-16'],182,164,164,bat,164,182,8637,182,NA,8,NA,NA,NA
490,5,60,['2013-04-20'],150,599,150,bat,150,599,2481,599,NA,4,NA,NA,NA
491,5,44,['2020-10-03'],330,150,150,field,330,150,2413,330,18,NA,NA,NA,NA
492,5,65,['2014-05-18'],599,182,599,bat,599,182,8304,182,NA,5,NA,NA,NA
493,5,47,['2020-11-05'],90,330,330,field,90,330,2125,90,57,NA,NA,NA,NA
494,5,46,['2019-05-02'],90,72,90,bat,90,72,2125,TIE,NA,NA,NA,NA,NA
495,5,63,['2015-05-11'],72,164,72,bat,72,164,8038,72,5,NA,NA,NA,NA
496,5,40,['2011-04-13'],164,599,164,field,599,164,3041,164,NA,6,NA,NA,NA
497,5,53,['2020-10-01'],90,164,164,field,90,164,9370,90,48,NA,NA,NA,NA
498,5,58,['2013-04-28'],599,150,150,field,599,150,7421,599,14,NA,NA,NA,NA
499,5,46,['2016-04-28'],90,150,90,field,150,90,2818,90,NA,6,NA,NA,NA
500,5,68,['2017-05-05'],182,164,182,field,164,182,2919,164,19,NA,NA,NA,NA
501,5,40,['2011-05-10'],164,90,90,field,164,90,2180,164,76,NA,NA,NA,NA
502,5,58,['2010-04-13'],599,150,150,bat,150,599,2079,599,NA,9,NA,NA,NA
503,5,46,['2013-05-15'],90,169,169,field,90,169,3002,90,14,NA,NA,NA,NA
504,5,66,['2015-04-14'],169,90,90,bat,90,169,7901,169,NA,7,NA,NA,NA
505,5,36,['2017-05-04'],330,526,330,field,526,330,2852,330,NA,7,NA,NA,NA
506,5,63,['2011-05-10'],145,471,145,bat,145,471,7654,471,NA,6,NA,NA,NA
507,5,39,['2010-04-13'],90,330,90,bat,90,330,9370,90,39,NA,NA,NA,NA
508,5,58,['2013-05-14'],599,330,599,bat,599,330,2235,599,33,NA,NA,NA,NA
509,5,39,['2014-05-28'],599,90,599,field,90,599,2969,599,NA,7,NA,NA,NA
510,5,46,['2018-05-27'],599,72,599,field,72,599,8034,599,NA,8,NA,NA,NA
511,5,67,['2011-04-13'],471,372,372,bat,372,471,2544,471,NA,4,NA,NA,NA
512,5,39,['2015-05-03'],169,330,330,field,169,330,2975,169,14,NA,NA,NA,NA
513,5,44,['2020-10-31'],182,72,72,field,182,72,2919,72,NA,5,NA,NA,NA
514,5,49,['2013-04-28'],330,471,471,field,330,471,8038,330,15,NA,NA,NA,NA
515,5,40,['2019-05-03'],164,150,150,field,164,150,2702,150,NA,7,NA,NA,NA
516,5,56,['2016-04-14'],526,550,550,bat,550,526,7422,526,NA,7,NA,NA,NA
517,5,58,['2011-04-16'],599,182,599,bat,599,182,7421,599,21,NA,NA,NA,NA
518,5,37,['2009-04-28'],330,169,330,bat,330,169,2759,169,NA,5,NA,NA,NA
519,5,60,['2010-03-16'],150,599,599,bat,599,150,2235,599,55,NA,NA,NA,NA
520,5,68,['2013-04-20'],182,169,182,field,169,182,3019,182,NA,7,NA,NA,NA
521,5,53,['2020-10-03'],169,182,169,bat,169,182,2288,182,NA,8,NA,NA,NA
522,5,60,['2015-05-07'],150,330,150,bat,150,330,2258,150,13,NA,NA,NA,NA
523,5,68,['2016-04-12'],182,72,72,field,182,72,8304,182,45,NA,NA,NA,NA
524,5,60,['2008-04-29'],150,90,150,bat,150,90,4468,90,NA,7,NA,NA,NA
525,5,46,['2019-05-05'],90,150,90,field,150,90,2855,90,NA,9,NA,NA,NA
526,5,47,['2014-04-19'],150,330,150,bat,150,330,8272,330,NA,4,NA,NA,NA
527,5,60,['2010-04-07'],150,330,150,bat,150,330,2358,150,14,NA,NA,NA,NA
528,5,46,['2011-05-07'],90,330,330,field,90,330,2864,90,32,NA,NA,NA,NA
529,5,43,['2017-04-29'],550,182,182,field,550,182,1788,550,61,NA,NA,NA,NA
530,5,47,['2020-10-14'],330,169,330,bat,330,169,8723,330,13,NA,NA,NA,NA
531,5,54,['2009-05-04'],599,145,599,bat,599,145,2235,599,78,NA,NA,NA,NA
532,5,40,['2015-05-16'],164,599,164,bat,164,599,2604,599,NA,7,NA,NA,NA
533,5,61,['2016-05-21'],550,164,164,bat,164,550,2235,550,NA,4,NA,NA,NA
534,5,50,['2014-05-11'],164,150,150,field,164,150,2364,150,NA,9,NA,NA,NA
535,5,44,['2020-10-04'],90,72,90,bat,90,72,1698,90,34,NA,NA,NA,NA
536,5,53,['2020-09-19'],90,599,599,field,90,599,2864,599,NA,5,NA,NA,NA
537,5,46,['2012-04-11'],90,169,169,field,90,169,9370,90,27,NA,NA,NA,NA
538,5,63,['2018-04-09'],72,169,72,field,169,72,2237,72,NA,9,NA,NA,NA
539,5,43,['2017-04-11'],550,330,550,field,330,550,2926,330,97,NA,NA,NA,NA
540,5,51,['2013-05-12'],169,599,169,field,599,169,8034,169,NA,5,NA,NA,NA
541,5,60,['2008-05-08'],150,182,150,bat,150,182,2358,150,5,NA,NA,NA,NA
542,5,36,['2017-04-17'],330,150,330,bat,330,150,7283,150,NA,4,NA,NA,NA
543,5,64,['2009-05-14'],90,169,169,bat,169,90,8039,169,2,NA,NA,NA,NA
544,5,61,['2016-05-15'],90,330,330,field,90,330,2854,90,80,NA,NA,NA,NA
545,5,68,['2012-05-06'],182,145,182,field,145,182,8304,182,NA,5,NA,NA,NA
546,5,68,['2008-05-05'],182,164,164,field,182,164,2658,164,NA,6,NA,NA,NA
547,5,61,['2016-05-13'],90,164,90,bat,90,164,7861,164,NA,7,NA,NA,NA
548,5,64,['2009-05-20'],150,169,150,field,169,150,2701,150,NA,4,NA,NA,NA
549,5,51,['2013-04-17'],169,90,169,bat,169,90,2975,169,87,NA,NA,NA,NA
550,5,36,['2014-05-05'],330,599,599,field,330,599,9429,599,NA,8,NA,NA,NA
551,5,68,['2016-05-24'],526,182,182,field,526,182,8304,182,NA,4,NA,NA,NA
552,5,68,['2017-05-19'],90,150,90,field,150,90,2749,90,NA,6,NA,NA,NA
553,5,40,['2018-04-15'],164,599,599,field,164,599,9246,164,4,NA,NA,NA,NA
554,5,66,['2010-03-28'],169,599,169,bat,169,599,2797,169,17,NA,NA,NA,NA
555,5,68,['2014-06-01'],150,164,150,field,164,150,2870,150,NA,3,NA,NA,NA
556,5,37,['2009-05-07'],182,169,169,field,182,169,793,169,NA,7,NA,NA,NA
557,5,68,['2015-05-17'],182,330,182,field,330,182,NA,NA,NA,NA,NA,NA,NA
558,5,68,['2008-05-19'],182,330,330,field,182,330,2320,330,NA,5,NA,NA,NA
559,5,63,['2012-05-20'],145,182,182,field,145,182,8845,145,9,NA,NA,NA,NA
560,5,53,['2014-04-21'],599,330,599,bat,599,330,2969,599,93,NA,NA,NA,NA
561,5,35,['2009-04-18'],182,169,182,bat,182,169,2221,182,75,NA,NA,NA,NA
562,5,60,['2010-03-14'],150,182,150,field,182,150,2986,150,NA,7,NA,NA,NA
563,5,36,['2012-04-19'],330,145,145,bat,145,330,6324,330,NA,5,NA,NA,NA
564,5,63,['2013-05-01'],72,90,90,bat,90,72,2753,72,NA,7,NA,NA,NA
565,5,53,['2014-04-18'],72,169,169,field,72,169,2975,169,NA,4,NA,NA,NA
566,5,52,['2009-04-26'],182,330,182,bat,182,330,4153,330,NA,6,NA,NA,NA
567,5,47,['2020-10-22'],169,72,72,field,169,72,2870,72,NA,8,NA,NA,NA
568,5,57,['2012-04-24'],471,330,471,bat,471,330,2829,330,NA,8,NA,NA,NA
569,5,52,['2009-05-02'],145,169,145,bat,145,169,2759,169,NA,3,NA,NA,NA
570,5,46,['2015-05-14'],90,150,150,field,90,150,2855,90,5,NA,NA,NA,NA
571,5,46,['2017-05-01'],90,182,182,bat,182,90,2818,90,NA,5,NA,NA,NA
572,5,68,['2010-04-10'],182,150,182,field,150,182,3019,182,NA,7,NA,NA,NA
573,5,46,['2012-05-09'],90,182,182,field,90,182,9246,182,NA,9,NA,NA,NA
574,5,46,['2016-04-20'],90,182,90,field,182,90,2818,90,NA,6,NA,NA,NA
575,5,47,['2014-04-25'],599,90,90,bat,90,599,2747,599,NA,7,NA,NA,NA
576,5,51,['2019-04-20'],169,90,169,field,90,169,7901,169,NA,5,NA,NA,NA
577,5,63,['2019-03-31'],72,182,182,field,72,182,5482,72,118,NA,NA,NA,NA
578,5,68,['2017-04-08'],182,330,182,bat,182,330,2475,182,15,NA,NA,NA,NA
579,5,57,['2013-04-07'],471,164,471,bat,471,164,3016,164,NA,8,NA,NA,NA
580,5,47,['2020-09-21'],182,72,72,field,182,72,2288,182,10,NA,NA,NA,NA
581,5,66,['2015-04-21'],169,164,164,field,169,164,7653,TIE,NA,NA,NA,NA,NA
582,5,43,['2018-04-28'],599,90,90,field,599,90,2818,90,NA,8,NA,NA,NA
583,5,60,['2016-05-22'],150,72,72,field,150,72,2759,150,22,NA,NA,NA,NA
584,5,51,['2011-04-29'],169,90,169,field,90,169,8091,169,NA,7,NA,NA,NA
585,5,68,['2018-04-13'],182,164,182,field,164,182,3286,182,NA,4,NA,NA,NA
586,5,58,['2010-03-31'],599,182,182,bat,182,599,2563,599,NA,5,NA,NA,NA
587,5,43,['2018-05-20'],599,164,599,field,164,599,8738,599,NA,5,NA,NA,NA
588,5,48,['2009-05-17'],145,164,145,field,164,145,3273,164,1,NA,NA,NA,NA
589,5,36,['2013-05-10'],330,182,330,field,182,330,3013,182,4,NA,NA,NA,NA
590,5,67,['2010-04-24'],182,145,145,bat,145,182,2395,182,NA,9,NA,NA,NA
591,5,68,['2011-05-22'],182,599,182,field,599,182,9246,182,NA,8,NA,NA,NA
592,5,60,['2017-04-15'],150,72,72,field,150,72,3009,150,17,NA,NA,NA,NA
593,5,51,['2018-05-08'],169,164,169,bat,169,164,5203,169,15,NA,NA,NA,NA
594,5,60,['2016-05-14'],150,550,550,bat,550,150,2759,150,NA,8,NA,NA,NA
595,5,57,['2013-05-02'],471,182,182,bat,182,471,8304,182,17,NA,NA,NA,NA
596,5,42,['2017-04-20'],164,90,90,field,164,90,5203,90,NA,8,NA,NA,NA
597,5,58,['2011-05-27'],182,90,90,field,182,90,9246,182,43,NA,NA,NA,NA
598,5,40,['2019-04-16'],164,169,169,field,164,169,2079,164,12,NA,NA,NA,NA
599,5,53,['2014-04-29'],150,169,169,bat,169,150,7439,TIE,NA,NA,NA,NA,NA
600,5,43,['2016-04-22'],550,182,550,field,182,550,8304,182,13,NA,NA,NA,NA
601,5,46,['2019-04-03'],90,599,599,field,90,599,2855,90,37,NA,NA,NA,NA
602,5,68,['2018-05-01'],182,90,90,field,182,90,1997,182,14,NA,NA,NA,NA
603,5,36,['2015-04-26'],330,182,182,field,330,182,2177,182,NA,10,NA,NA,NA
604,5,47,['2020-10-17'],169,182,169,bat,169,182,8304,182,NA,7,NA,NA,NA
605,5,58,['2013-04-15'],599,471,471,bat,471,599,7901,471,24,NA,NA,NA,NA
606,5,39,['2010-03-25'],90,599,90,field,599,90,2998,90,NA,5,NA,NA,NA
607,5,36,['2011-04-26'],330,182,182,field,330,182,2422,182,NA,3,NA,NA,NA
608,5,43,['2017-05-14'],550,164,550,field,164,550,3013,550,NA,9,NA,NA,NA
609,5,40,['2014-05-25'],164,330,164,field,330,164,3016,164,NA,7,NA,NA,NA
610,5,58,['2012-04-04'],599,90,90,field,599,90,8695,90,NA,8,NA,NA,NA
611,5,53,['2020-10-11'],330,90,330,bat,330,90,8310,90,NA,5,NA,NA,NA
612,5,51,['2018-04-18'],169,150,150,field,169,150,2938,150,NA,7,NA,NA,NA
613,5,64,['2009-05-20'],599,164,599,bat,599,164,4596,599,24,NA,NA,NA,NA
614,5,57,['2012-05-03'],471,90,90,bat,90,471,4634,90,1,NA,NA,NA,NA
615,5,51,['2013-05-07'],169,330,330,bat,330,169,2975,169,NA,9,NA,NA,NA
616,5,58,['2008-05-02'],599,330,599,bat,599,330,2829,330,NA,8,NA,NA,NA
617,5,37,['2009-05-12'],164,90,164,bat,164,90,2391,90,NA,8,NA,NA,NA
618,5,58,['2012-04-30'],599,150,599,bat,599,150,2364,150,NA,5,NA,NA,NA
619,5,60,['2008-05-13'],150,330,150,bat,150,330,3812,150,23,NA,NA,NA,NA
620,5,68,['2012-04-07'],182,330,330,field,182,330,8304,182,20,NA,NA,NA,NA
621,5,44,['2020-11-03'],90,72,72,field,90,72,2636,72,NA,10,NA,NA,NA
622,5,68,['2013-04-11'],182,150,182,field,150,182,9246,182,NA,8,NA,NA,NA
623,5,60,['2018-04-08'],150,182,150,field,182,150,9356,150,NA,4,NA,NA,NA
624,5,67,['2008-06-01'],599,169,169,field,599,169,2759,169,NA,3,NA,NA,NA
625,5,39,['2010-04-03'],90,145,90,bat,90,145,2864,90,63,NA,NA,NA,NA
626,5,43,['2016-05-01'],550,90,90,field,550,90,2818,90,NA,8,NA,NA,NA
627,5,40,['2017-04-28'],164,72,164,field,72,164,3949,72,26,NA,NA,NA,NA
628,5,67,['2011-05-04'],471,90,471,field,90,471,1627,90,21,NA,NA,NA,NA
629,5,51,['2010-04-07'],169,164,164,bat,164,169,136,169,NA,9,NA,NA,NA
630,5,47,['2020-10-25'],182,599,182,bat,182,599,2365,599,NA,8,NA,NA,NA
631,5,60,['2013-05-26'],599,90,90,bat,90,599,9370,90,23,NA,NA,NA,NA
632,5,61,['2015-04-18'],72,330,330,bat,330,72,8272,330,4,NA,NA,NA,NA
633,5,65,['2014-05-13'],599,169,169,bat,169,599,2481,599,NA,5,NA,NA,NA
634,5,63,['2008-04-24'],145,169,169,field,145,169,2759,169,NA,3,NA,NA,NA
635,5,36,['2010-03-17'],330,90,330,field,90,330,2998,90,98,NA,NA,NA,NA
636,5,36,['2011-04-19'],330,145,145,bat,145,330,1603,145,16,NA,NA,NA,NA
637,5,58,['2015-05-08'],599,90,599,bat,599,90,2855,90,NA,6,NA,NA,NA
638,5,36,['2013-04-21'],330,90,90,bat,90,330,2829,330,NA,9,NA,NA,NA
639,5,47,['2020-10-04'],164,599,164,bat,164,599,8034,599,NA,10,NA,NA,NA
640,5,60,['2019-03-24'],150,72,150,field,72,150,9394,150,NA,6,NA,NA,NA
641,5,63,['2014-05-18'],72,150,72,bat,72,150,3286,150,NA,7,NA,NA,NA
642,5,60,['2008-04-20'],150,145,145,bat,145,150,7427,150,NA,5,NA,NA,NA
643,5,51,['2019-04-27'],169,72,169,field,72,169,3013,169,NA,7,NA,NA,NA
644,5,41,['2011-04-09'],372,182,372,bat,372,182,8304,182,NA,6,NA,NA,NA
645,5,64,['2009-04-23'],599,330,330,bat,330,599,8304,330,9,NA,NA,NA,NA
646,5,53,['2020-11-02'],182,330,330,field,182,330,8723,330,NA,6,NA,NA,NA
647,5,51,['2013-04-27'],169,72,72,bat,72,169,7439,169,NA,8,NA,NA,NA
648,5,52,['2009-05-10'],182,90,90,bat,90,182,8272,90,16,NA,NA,NA,NA
649,5,40,['2016-04-25'],164,90,164,field,90,164,2783,90,25,NA,NA,NA,NA
650,5,58,['2010-04-15'],599,330,599,bat,599,330,2364,330,NA,6,NA,NA,NA
651,5,45,['2011-05-15'],164,330,330,field,164,330,2258,164,29,NA,NA,NA,NA
652,5,36,['2017-05-06'],330,90,330,field,90,330,9435,90,146,NA,NA,NA,NA
653,5,61,['2015-04-16'],72,169,169,field,72,169,2975,169,NA,6,NA,NA,NA
654,5,63,['2013-05-17'],72,169,72,bat,72,169,2545,72,23,NA,NA,NA,NA
655,5,51,['2019-04-07'],169,150,150,field,169,150,5898,150,NA,8,NA,NA,NA
656,5,47,['2020-10-10'],182,599,182,bat,182,599,2422,182,37,NA,NA,NA,NA
657,5,58,['2013-04-13'],599,182,599,field,182,599,2481,599,NA,4,NA,NA,NA
658,5,63,['2018-05-05'],72,330,330,bat,330,72,3949,72,NA,7,NA,NA,NA
659,5,68,['2018-04-21'],182,330,182,field,330,182,8304,182,NA,6,NA,NA,NA
660,5,36,['2017-05-12'],330,550,330,bat,330,550,2620,330,7,NA,NA,NA,NA
661,5,40,['2011-04-21'],164,169,169,field,164,169,7653,164,48,NA,NA,NA,NA
662,5,39,['2010-03-22'],90,150,150,bat,150,90,2998,90,NA,7,NA,NA,NA
663,5,51,['2019-04-11'],169,599,599,field,169,599,2235,599,NA,4,NA,NA,NA
664,5,68,['2014-05-24'],182,599,599,field,182,599,2235,599,NA,8,NA,NA,NA
665,5,58,['2015-04-09'],599,330,330,field,599,330,2603,599,1,NA,NA,NA,NA
666,5,68,['2013-05-14'],182,164,164,field,182,164,7504,164,NA,7,NA,NA,NA
667,5,43,['2017-04-22'],550,72,550,field,72,550,2235,550,NA,6,NA,NA,NA
668,5,46,['2018-05-13'],90,169,169,field,90,169,5203,169,NA,7,NA,NA,NA
669,5,56,['2016-05-03'],526,330,330,field,526,330,2852,330,NA,8,NA,NA,NA
670,5,48,['2009-05-23'],182,599,182,field,599,182,2870,182,NA,6,NA,NA,NA
671,5,57,['2013-05-09'],471,150,150,bat,150,471,2364,150,46,NA,NA,NA,NA
672,5,58,['2015-04-11'],599,72,599,bat,599,72,1916,599,45,NA,NA,NA,NA
673,5,56,['2017-04-14'],526,550,526,field,550,526,7959,526,NA,7,NA,NA,NA
674,5,58,['2011-05-18'],599,372,599,bat,599,372,2954,599,11,NA,NA,NA,NA
675,5,67,['2010-04-22'],599,145,599,bat,599,145,7221,599,38,NA,NA,NA,NA
676,5,40,['2016-05-09'],164,182,164,field,182,164,8034,182,1,NA,NA,NA,NA
677,5,68,['2018-05-17'],182,72,72,field,182,72,8304,182,14,NA,NA,NA,NA
678,5,63,['2018-04-22'],72,599,72,field,599,72,2864,599,4,NA,NA,NA,NA
679,5,63,['2013-04-07'],72,182,182,bat,182,72,3028,TIE,NA,NA,NA,NA,NA
680,5,53,['2020-10-28'],182,90,90,field,182,90,3291,90,NA,5,NA,NA,NA
681,5,53,['2020-10-19'],599,169,599,bat,599,169,5203,169,NA,7,NA,NA,NA
682,5,46,['2014-05-03'],90,164,164,bat,164,90,1674,90,NA,5,NA,NA,NA
683,5,36,['2010-03-31'],330,169,330,bat,330,169,2485,330,67,NA,NA,NA,NA
684,5,58,['2011-05-01'],599,145,599,bat,599,145,8504,599,19,NA,NA,NA,NA
685,5,58,['2019-04-23'],599,72,599,field,72,599,8034,599,NA,6,NA,NA,NA
686,5,43,['2017-04-06'],550,90,550,field,90,550,7901,550,NA,7,NA,NA,NA
687,5,60,['2014-05-20'],150,599,150,field,599,150,3009,150,NA,8,NA,NA,NA
688,5,60,['2019-03-27'],150,164,164,field,150,164,9394,150,28,NA,NA,NA,NA
689,5,63,['2008-05-27'],145,599,145,bat,145,599,2969,599,NA,7,NA,NA,NA
690,5,68,['2012-05-14'],182,90,90,field,182,90,2864,90,NA,5,NA,NA,NA
691,5,37,['2009-04-30'],599,169,169,field,599,169,2969,599,38,NA,NA,NA,NA
692,5,68,['2015-05-06'],182,164,164,field,182,164,9246,182,138,NA,NA,NA,NA
693,5,61,['2019-05-08'],330,72,330,field,72,330,2852,330,NA,2,NA,NA,NA
694,5,66,['2010-03-20'],169,150,169,bat,169,150,2438,169,34,NA,NA,NA,NA
695,5,58,['2012-04-19'],599,471,471,field,599,471,4513,599,13,NA,NA,NA,NA
696,5,45,['2013-05-16'],164,330,330,field,164,330,8553,164,7,NA,NA,NA,NA
697,5,52,['2009-04-20'],182,599,599,bat,599,182,4596,599,92,NA,NA,NA,NA
698,5,49,['2015-05-09'],330,72,72,bat,72,330,7511,72,6,NA,NA,NA,NA
699,5,51,['2012-04-17'],169,145,145,bat,145,169,7484,169,NA,5,NA,NA,NA
700,5,44,['2020-10-17'],599,330,599,bat,599,330,2237,330,NA,5,NA,NA,NA
701,5,36,['2014-05-19'],330,164,164,field,330,164,2801,164,NA,4,NA,NA,NA
702,5,46,['2008-05-16'],90,150,90,field,150,90,8782,90,NA,8,NA,NA,NA
703,5,40,['2017-05-09'],164,150,150,field,164,150,2747,164,14,NA,NA,NA,NA
704,5,45,['2010-04-18'],164,599,599,field,164,599,2235,599,NA,6,NA,NA,NA
705,5,45,['2012-05-17'],164,599,164,field,599,164,7504,164,NA,6,NA,NA,NA
706,5,63,['2013-05-19'],72,150,150,bat,150,72,2783,72,NA,5,NA,NA,NA
707,5,37,['2009-05-07'],599,164,599,bat,599,164,7529,599,12,NA,NA,NA,NA
708,5,54,['2009-05-08'],330,90,90,bat,90,330,2603,330,NA,7,NA,NA,NA
709,5,63,['2015-05-17'],72,90,72,bat,72,90,1917,90,NA,9,NA,NA,NA
710,5,63,['2017-05-08'],72,90,90,bat,90,72,2237,72,NA,7,NA,NA,NA
711,5,36,['2008-05-15'],330,145,145,field,330,145,2545,330,12,NA,NA,NA,NA
712,5,60,['2010-04-17'],150,169,169,bat,169,150,3013,150,NA,8,NA,NA,NA
713,5,46,['2012-05-16'],90,150,90,field,150,90,9356,150,32,NA,NA,NA,NA
714,5,68,['2013-05-18'],182,599,599,field,182,599,2422,182,24,NA,NA,NA,NA
715,5,44,['2014-04-22'],164,72,72,field,164,72,7624,164,72,NA,NA,NA,NA
716,5,35,['2009-04-19'],145,150,150,bat,150,145,2677,145,NA,8,NA,NA,NA
717,5,68,['2012-04-17'],182,471,471,bat,471,182,9246,182,NA,6,NA,NA,NA
718,5,53,['2020-09-23'],90,150,150,field,90,150,2818,90,49,NA,NA,NA,NA
719,5,53,['2014-04-18'],599,164,599,bat,599,164,7624,164,NA,6,NA,NA,NA
720,5,61,['2019-05-10'],599,330,599,field,330,599,8260,599,NA,6,NA,NA,NA
721,5,39,['2010-03-20'],90,182,90,bat,90,182,8637,182,NA,7,NA,NA,NA
722,5,64,['2009-04-25'],145,90,145,bat,145,90,2796,145,12,NA,NA,NA,NA
723,5,40,['2012-04-20'],164,182,182,field,164,182,9246,182,NA,5,NA,NA,NA
724,5,60,['2013-04-24'],150,90,150,bat,150,90,9429,90,NA,5,NA,NA,NA
725,5,54,['2009-05-01'],150,90,90,bat,90,150,8272,90,9,NA,NA,NA,NA
726,5,40,['2015-05-13'],164,182,182,field,164,182,2801,164,22,NA,NA,NA,NA
727,5,51,['2008-05-26'],169,90,169,field,90,169,3792,169,NA,5,NA,NA,NA
728,5,40,['2012-05-13'],164,145,145,bat,145,164,7427,164,NA,4,NA,NA,NA
729,5,53,['2014-04-26'],169,182,169,field,182,169,3006,169,NA,6,NA,NA,NA
730,5,68,['2019-04-24'],182,164,164,field,182,164,8304,182,17,NA,NA,NA,NA
731,5,68,['2016-04-17'],182,330,330,field,182,330,8310,330,NA,7,NA,NA,NA
732,5,56,['2017-04-07'],526,150,150,field,526,150,7672,150,NA,10,NA,NA,NA
733,5,36,['2019-03-26'],330,599,330,bat,330,599,8034,599,NA,6,NA,NA,NA
734,5,51,['2018-04-22'],169,90,90,bat,90,169,9111,169,NA,3,NA,NA,NA
735,5,36,['2015-04-23'],330,90,90,field,330,90,2413,330,37,NA,NA,NA,NA
736,5,47,['2020-10-24'],164,72,72,field,164,72,6252,164,12,NA,NA,NA,NA
737,5,51,['2013-04-08'],169,150,150,field,169,150,2982,169,19,NA,NA,NA,NA
738,5,53,['2020-09-29'],72,330,330,field,72,330,3949,72,15,NA,NA,NA,NA
739,5,60,['2010-04-01'],150,145,150,bat,150,145,2358,150,24,NA,NA,NA,NA
740,5,46,['2011-05-02'],90,164,164,field,90,164,9370,90,23,NA,NA,NA,NA
741,5,46,['2018-05-16'],90,164,164,field,90,164,2125,90,3,NA,NA,NA,NA
742,5,68,['2016-05-18'],182,164,164,field,182,164,2422,182,82,NA,NA,NA,NA
743,5,40,['2013-05-09'],164,169,169,field,164,169,9173,169,NA,8,NA,NA,NA
744,5,68,['2017-04-14'],182,90,90,field,182,90,9370,90,NA,4,NA,NA,NA
745,5,45,['2011-05-17'],164,182,164,bat,164,182,7504,164,111,NA,NA,NA,NA
746,5,67,['2010-04-21'],182,90,90,bat,90,182,9370,90,35,NA,NA,NA,NA
747,5,43,['2018-05-13'],599,72,599,field,72,599,2864,599,NA,8,NA,NA,NA
748,5,48,['2009-05-24'],182,145,182,field,145,182,2395,145,6,NA,NA,NA,NA
749,5,63,['2013-05-04'],72,330,330,bat,330,72,5189,72,NA,6,NA,NA,NA
750,5,46,['2017-04-22'],90,330,330,field,90,330,1917,90,14,NA,NA,NA,NA
751,5,56,['2016-04-24'],526,182,182,bat,182,526,2422,526,NA,6,NA,NA,NA
752,5,60,['2019-04-12'],150,330,330,field,150,330,2237,330,NA,7,NA,NA,NA
753,5,47,['2014-04-28'],164,182,164,field,182,164,2919,164,NA,5,NA,NA,NA
754,5,40,['2019-04-08'],164,72,164,field,72,164,2974,164,NA,6,NA,NA,NA
755,5,47,['2020-10-27'],72,330,330,field,72,330,2954,72,88,NA,NA,NA,NA
756,5,60,['2013-04-14'],150,72,150,bat,150,72,2364,150,48,NA,NA,NA,NA
757,5,46,['2015-04-25'],90,72,90,bat,90,72,4634,90,20,NA,NA,NA,NA
758,5,68,['2016-05-29'],182,72,72,bat,72,182,7256,72,8,NA,NA,NA,NA
759,5,46,['2018-05-06'],90,150,150,field,90,150,2855,90,13,NA,NA,NA,NA
760,5,60,['2018-04-21'],150,164,164,field,150,164,2974,164,NA,9,NA,NA,NA
761,5,38,['2017-05-13'],526,72,72,field,526,72,2534,72,NA,8,NA,NA,NA
762,5,46,['2011-04-22'],90,599,599,field,90,599,2391,90,8,NA,NA,NA,NA
763,5,68,['2010-03-23'],182,599,599,field,182,599,3009,182,36,NA,NA,NA,NA
764,5,51,['2010-04-14'],169,182,169,bat,169,182,6324,182,NA,5,NA,NA,NA
765,5,46,['2011-05-14'],90,145,145,bat,145,90,2545,145,10,NA,NA,NA,NA
766,5,63,['2017-05-06'],72,550,72,field,550,72,3013,550,12,NA,NA,NA,NA
767,5,40,['2013-05-06'],164,182,164,field,182,164,8553,164,NA,6,NA,NA,NA
768,5,60,"['2014-05-27,2014-05-28']",164,150,164,field,150,164,3286,150,28,NA,NA,NA,NA
769,5,48,['2009-05-10'],330,150,330,field,150,330,2545,330,NA,7,NA,NA,NA
770,5,43,['2015-05-20'],182,169,182,bat,182,169,8304,182,71,NA,NA,NA,NA
771,5,36,['2011-04-10'],330,90,330,bat,330,90,4634,90,NA,8,NA,NA,NA
772,5,35,['2009-04-22'],182,145,145,bat,145,182,7504,145,24,NA,NA,NA,NA
773,5,47,['2020-09-30'],150,169,169,field,150,169,2716,150,37,NA,NA,NA,NA
774,5,46,['2013-04-27'],90,182,90,bat,90,182,9429,90,58,NA,NA,NA,NA
775,5,68,['2015-05-02'],182,150,182,field,150,182,2571,182,NA,7,NA,NA,NA
776,5,58,['2019-03-23'],599,182,599,field,182,599,2391,599,NA,7,NA,NA,NA
777,5,51,['2008-04-21'],169,164,164,bat,164,169,8034,169,NA,6,NA,NA,NA
778,5,46,['2016-04-16'],90,526,526,field,90,526,7422,526,NA,3,NA,NA,NA
779,5,44,['2014-04-24'],182,150,182,field,150,182,7672,150,2,NA,NA,NA,NA
780,5,36,['2019-04-28'],330,182,330,bat,330,182,2237,330,16,NA,NA,NA,NA
781,5,68,['2010-03-18'],182,169,182,field,169,182,8637,182,NA,10,NA,NA,NA
782,5,36,['2015-05-01'],330,164,330,field,164,330,7283,330,NA,9,NA,NA,NA
783,5,40,['2013-04-21'],164,471,164,field,471,164,8553,164,NA,7,NA,NA,NA
784,5,53,['2020-10-18'],150,72,72,field,150,72,1788,TIE,NA,NA,NA,NA,NA
785,5,46,['2016-04-09'],90,550,90,bat,90,550,2975,550,NA,9,NA,NA,NA
786,5,40,['2008-04-25'],164,90,90,field,164,90,4946,164,66,NA,NA,NA,NA
787,5,60,['2017-04-28'],150,330,150,field,330,150,2364,150,NA,7,NA,NA,NA
788,5,58,['2011-05-04'],599,169,169,bat,169,599,7421,599,NA,8,NA,NA,NA
789,5,58,['2010-04-06'],599,90,599,bat,599,90,2969,599,24,NA,NA,NA,NA
790,5,53,['2020-09-26'],72,150,72,bat,72,150,2702,150,NA,7,NA,NA,NA
791,5,60,['2013-05-24'],90,169,169,bat,169,90,2391,90,NA,4,NA,NA,NA
792,5,68,['2014-05-09'],182,164,182,field,164,182,2919,164,32,NA,NA,NA,NA
793,5,61,['2012-04-07'],145,599,145,field,599,145,2481,599,74,NA,NA,NA,NA
794,5,57,['2013-04-11'],471,169,169,bat,169,471,7422,471,NA,7,NA,NA,NA
795,5,53,['2020-10-21'],150,182,150,bat,150,182,2534,182,NA,8,NA,NA,NA
796,5,49,['2016-05-20'],330,72,330,field,72,330,2620,330,NA,6,NA,NA,NA
797,5,40,['2018-04-08'],164,330,164,field,330,164,2974,164,NA,6,NA,NA,NA
798,5,60,['2010-04-04'],150,164,150,bat,150,164,4463,164,NA,8,NA,NA,NA
799,5,44,['2014-04-27'],330,90,90,bat,90,330,2563,330,NA,6,NA,NA,NA
800,5,46,['2012-04-29'],90,145,90,field,145,90,8845,90,NA,5,NA,NA,NA
801,5,40,['2008-05-12'],164,182,182,bat,182,164,7653,164,NA,9,NA,NA,NA
802,5,60,['2015-05-24'],90,599,599,field,90,599,2818,90,41,NA,NA,NA,NA
803,5,60,['2016-05-16'],150,182,182,field,150,182,2422,182,NA,9,NA,NA,NA
804,5,64,['2009-05-13'],145,330,145,field,330,145,2184,330,12,NA,NA,NA,NA
805,5,68,['2012-05-02'],182,164,164,field,182,164,3049,164,NA,4,NA,NA,NA
806,5,68,['2013-04-09'],182,72,72,bat,72,182,2422,182,NA,7,NA,NA,NA
807,5,46,['2017-04-24'],90,550,90,field,550,90,6482,550,3,NA,NA,NA,NA
808,5,51,['2008-05-01'],169,150,169,bat,169,150,2076,169,45,NA,NA,NA,NA
809,5,37,['2009-05-21'],330,90,330,field,90,330,2829,330,NA,4,NA,NA,NA
810,5,63,['2016-05-12'],72,330,330,field,72,330,8501,330,NA,7,NA,NA,NA
811,5,36,['2016-05-25'],72,150,150,field,72,150,7511,72,22,NA,NA,NA,NA
812,5,60,['2012-04-05'],150,330,330,field,150,330,2760,330,NA,8,NA,NA,NA
813,5,50,['2014-05-07'],164,599,599,field,164,599,7624,164,44,NA,NA,NA,NA
814,5,47,['2020-10-13'],599,72,599,bat,599,72,2481,599,20,NA,NA,NA,NA
815,5,46,['2018-04-17'],90,182,182,field,90,182,2818,90,46,NA,NA,NA,NA
